Job,ENG,SerialNumber,Part,Product,Model Group,Elastomer,Model,Job Comment,Location,Last Labor,StartDate,DueDate,AdhesiveDry,Firm,Scheduled,Ship By,Promise,Day,Week,Expedite,Ship Hold,Prod Hold,Group,Order,L/R,Name,Complete,Risk,StalledDays
MRP00000000037,FALSE,,S875840HS0-MPCBODTH,S875840HS0,S875,HS,8758400,,MCHSHOP,,4/3/2023 4:08 PM,10/13/2023,,FALSE,FALSE,10/13/2023,10/13/2023,6,41,FALSE,TRUE,FALSE,STATORS,54851,2/5,MPACT Downhole Motors,,FALSE,
MRP00000000038,FALSE,,S875840HS0-MPCBODTH,S875840HS0,S875,HS,8758400,,MCHSHOP,,4/3/2023 4:08 PM,10/13/2023,,FALSE,FALSE,10/13/2023,10/13/2023,6,41,FALSE,TRUE,FALSE,STATORS,54851,2/6,MPACT Downhole Motors,,FALSE,
125257,FALSE,DDS S5B-70103,S700584F30-RELINE,S700584F30,S700,F3,7005840,"
",QC-IN,,5/18/2023 12:28 PM,12/31/2025,,TRUE,FALSE,12/31/2030,12/31/2030,3,53,FALSE,TRUE,TRUE,RELINES,55184,1/2,Downhole Drilling Services LLC.,FALSE,FALSE,
MRP00000000125,FALSE,,S700584HS0-PHCBIDTH,S700584HS0,S700,HS,7005840,,MCHSHOP,,5/19/2023 2:23 PM,11/3/2023,,FALSE,FALSE,11/3/2023,11/3/2023,6,44,FALSE,FALSE,FALSE,STATORS,55204,4/18,Phoenix Technology Services USA Inc. (TX),,FALSE,
MRP00000000126,FALSE,,S700584HS0-PHCBIDTH,S700584HS0,S700,HS,7005840,,MCHSHOP,,5/19/2023 2:23 PM,11/3/2023,,FALSE,FALSE,11/3/2023,11/3/2023,6,44,FALSE,FALSE,FALSE,STATORS,55204,4/19,Phoenix Technology Services USA Inc. (TX),,FALSE,
MRP00000000127,FALSE,,S700584HS0-PHCBIDTH,S700584HS0,S700,HS,7005840,,MCHSHOP,,5/19/2023 2:23 PM,11/3/2023,,FALSE,FALSE,11/3/2023,11/3/2023,6,44,FALSE,FALSE,FALSE,STATORS,55204,4/20,Phoenix Technology Services USA Inc. (TX),,FALSE,
MRP00000000128,FALSE,,S700584HS0-PHCBIDTH,S700584HS0,S700,HS,7005840,,MCHSHOP,,5/19/2023 2:23 PM,11/10/2023,,FALSE,FALSE,11/10/2023,11/10/2023,6,45,FALSE,FALSE,FALSE,STATORS,55204,4/21,Phoenix Technology Services USA Inc. (TX),,FALSE,
MRP00000000129,FALSE,,S700584HS0-PHCBIDTH,S700584HS0,S700,HS,7005840,,MCHSHOP,,5/19/2023 2:23 PM,11/10/2023,,FALSE,FALSE,11/10/2023,11/10/2023,6,45,FALSE,FALSE,FALSE,STATORS,55204,4/22,Phoenix Technology Services USA Inc. (TX),,FALSE,
MRP00000000015,FALSE,,S700594HS0-PHCBIDTH,S700594HS0,S700,HS,7005940,,MCHSHOP,,5/19/2023 2:23 PM,11/10/2023,,FALSE,FALSE,11/10/2023,11/10/2023,6,45,FALSE,FALSE,FALSE,STATORS,55204,8/1,Phoenix Technology Services USA Inc. (TX),,FALSE,
MRP00000000016,FALSE,,S700594HS0-PHCBIDTH,S700594HS0,S700,HS,7005940,,MCHSHOP,,5/19/2023 2:23 PM,11/17/2023,,FALSE,FALSE,11/17/2023,11/17/2023,6,46,FALSE,FALSE,FALSE,STATORS,55204,8/2,Phoenix Technology Services USA Inc. (TX),,FALSE,
MRP00000000017,FALSE,,S700594HS0-PHCBIDTH,S700594HS0,S700,HS,7005940,,MCHSHOP,,5/19/2023 2:23 PM,11/17/2023,,FALSE,FALSE,11/17/2023,11/17/2023,6,46,FALSE,FALSE,FALSE,STATORS,55204,8/3,Phoenix Technology Services USA Inc. (TX),,FALSE,
MRP00000000018,FALSE,,S700594HS0-PHCBIDTH,S700594HS0,S700,HS,7005940,,MCHSHOP,,5/19/2023 2:23 PM,11/17/2023,,FALSE,FALSE,11/17/2023,11/17/2023,6,46,FALSE,FALSE,FALSE,STATORS,55204,8/4,Phoenix Technology Services USA Inc. (TX),,FALSE,
MRP00000000019,FALSE,,S700594HS0-PHCBIDTH,S700594HS0,S700,HS,7005940,,MCHSHOP,,5/19/2023 2:23 PM,11/17/2023,,FALSE,FALSE,11/17/2023,11/17/2023,6,46,FALSE,FALSE,FALSE,STATORS,55204,8/5,Phoenix Technology Services USA Inc. (TX),,FALSE,
MRP00000000020,FALSE,,S700594HS0-PHCBIDTH,S700594HS0,S700,HS,7005940,,MCHSHOP,,5/19/2023 2:23 PM,11/22/2023,,FALSE,FALSE,11/22/2023,11/22/2023,4,47,FALSE,FALSE,FALSE,STATORS,55204,8/6,Phoenix Technology Services USA Inc. (TX),,FALSE,
MRP00000000021,FALSE,,S700594HS0-PHCBIDTH,S700594HS0,S700,HS,7005940,,MCHSHOP,,5/19/2023 2:23 PM,11/22/2023,,FALSE,FALSE,11/22/2023,11/22/2023,4,47,FALSE,FALSE,FALSE,STATORS,55204,8/7,Phoenix Technology Services USA Inc. (TX),,FALSE,
MRP00000000022,FALSE,,S700594HS0-PHCBIDTH,S700594HS0,S700,HS,7005940,,MCHSHOP,,5/19/2023 2:23 PM,11/22/2023,,FALSE,FALSE,11/22/2023,11/22/2023,4,47,FALSE,FALSE,FALSE,STATORS,55204,8/8,Phoenix Technology Services USA Inc. (TX),,FALSE,
MRP00000000023,FALSE,,S700594HS0-PHCBIDTH,S700594HS0,S700,HS,7005940,,MCHSHOP,,5/19/2023 2:23 PM,11/22/2023,,FALSE,FALSE,11/22/2023,11/22/2023,4,47,FALSE,FALSE,FALSE,STATORS,55204,8/9,Phoenix Technology Services USA Inc. (TX),,FALSE,
MRP00000000024,FALSE,,S700594HS0-PHCBIDTH,S700594HS0,S700,HS,7005940,,MCHSHOP,,5/19/2023 2:23 PM,12/1/2023,,FALSE,FALSE,12/1/2023,12/1/2023,6,48,FALSE,FALSE,FALSE,STATORS,55204,8/10,Phoenix Technology Services USA Inc. (TX),,FALSE,
MRP00000000025,FALSE,,S700594HS0-PHCBIDTH,S700594HS0,S700,HS,7005940,,MCHSHOP,,5/19/2023 2:23 PM,12/1/2023,,FALSE,FALSE,12/1/2023,12/1/2023,6,48,FALSE,FALSE,FALSE,STATORS,55204,8/11,Phoenix Technology Services USA Inc. (TX),,FALSE,
MRP00000000026,FALSE,,S700594HS0-PHCBIDTH,S700594HS0,S700,HS,7005940,,MCHSHOP,,5/19/2023 2:23 PM,12/1/2023,,FALSE,FALSE,12/1/2023,12/1/2023,6,48,FALSE,FALSE,FALSE,STATORS,55204,8/12,Phoenix Technology Services USA Inc. (TX),,FALSE,
MRP00000000027,FALSE,,S700594HS0-PHCBIDTH,S700594HS0,S700,HS,7005940,,MCHSHOP,,5/19/2023 2:23 PM,12/1/2023,,FALSE,FALSE,12/1/2023,12/1/2023,6,48,FALSE,FALSE,FALSE,STATORS,55204,8/13,Phoenix Technology Services USA Inc. (TX),,FALSE,
MRP00000000028,FALSE,,S700594HS0-PHCBIDTH,S700594HS0,S700,HS,7005940,,MCHSHOP,,5/19/2023 2:23 PM,12/8/2023,,FALSE,FALSE,12/8/2023,12/8/2023,6,49,FALSE,FALSE,FALSE,STATORS,55204,8/14,Phoenix Technology Services USA Inc. (TX),,FALSE,
MRP00000000029,FALSE,,S700594HS0-PHCBIDTH,S700594HS0,S700,HS,7005940,,MCHSHOP,,5/19/2023 2:23 PM,12/8/2023,,FALSE,FALSE,12/8/2023,12/8/2023,6,49,FALSE,FALSE,FALSE,STATORS,55204,8/15,Phoenix Technology Services USA Inc. (TX),,FALSE,
129095,FALSE,L158242,S700584HS0-ERCBUO,S700584HS0,S700,HS,7005840,"
EOGPS7110158413
**Use sk21345 or sk21251***",Bartels Rack,8/11/2023 1:13 PM,4/25/2023 3:20 PM,8/24/2023,8/12/2023 1:13 AM,TRUE,TRUE,8/24/2023,9/8/2023,6,36,FALSE,FALSE,FALSE,STATORS,53493,15/3,EOG Resources Inc.,FALSE,FALSE,8
129093,FALSE,L158240,S700584HS0-ERCBUO,S700584HS0,S700,HS,7005840,"
EOGPS7110158411
**Use sk21345 or sk21251***",Bartels Rack,8/11/2023 1:52 PM,4/25/2023 3:20 PM,8/25/2023,8/12/2023 1:52 AM,TRUE,TRUE,8/25/2023,9/8/2023,6,36,FALSE,FALSE,FALSE,STATORS,53493,15/1,EOG Resources Inc.,FALSE,FALSE,8
MRP00000000010,FALSE,,S500770F30,S500770F30,S500,F3,5007700,,T-CLEAN,,8/14/2023 8:46 AM,9/8/2023,,FALSE,FALSE,9/8/2023,9/8/2023,6,36,FALSE,FALSE,FALSE,STATORS,55801,2/6,Altitude Energy Partners - Consolidated Acct,,FALSE,
MRP00000000011,FALSE,,S500770F30,S500770F30,S500,F3,5007700,,T-CLEAN,,8/14/2023 8:46 AM,9/15/2023,,FALSE,FALSE,9/15/2023,9/15/2023,6,37,FALSE,FALSE,FALSE,STATORS,55801,2/7,Altitude Energy Partners - Consolidated Acct,,FALSE,
MRP00000000012,FALSE,,S500770F30,S500770F30,S500,F3,5007700,,T-CLEAN,,8/14/2023 8:46 AM,9/15/2023,,FALSE,FALSE,9/15/2023,9/15/2023,6,37,FALSE,FALSE,FALSE,STATORS,55801,2/8,Altitude Energy Partners - Consolidated Acct,,FALSE,
MRP00000000013,FALSE,,S500770F30,S500770F30,S500,F3,5007700,,T-CLEAN,,8/14/2023 8:46 AM,9/15/2023,,FALSE,FALSE,9/15/2023,9/15/2023,6,37,FALSE,FALSE,FALSE,STATORS,55801,2/9,Altitude Energy Partners - Consolidated Acct,,FALSE,
MRP00000000014,FALSE,,S500770F30,S500770F30,S500,F3,5007700,,T-CLEAN,,8/14/2023 8:46 AM,9/15/2023,,FALSE,FALSE,9/15/2023,9/15/2023,6,37,FALSE,FALSE,FALSE,STATORS,55801,2/10,Altitude Energy Partners - Consolidated Acct,,FALSE,
129301,FALSE,EOGPS661B1D58422,S700584HS0-RELINEERCBOD,S700584HS0,S700,HS,7005840,"
**Use sk21345 or sk21251***",Bartels Rack,8/15/2023 7:03 AM,8/11/2023 8:58 AM,8/25/2023,8/15/2023 7:03 PM,TRUE,FALSE,8/25/2023,8/25/2023,6,34,FALSE,FALSE,FALSE,RELINES,55792,1/7,EOG Resources Inc.,FALSE,TRUE,6
129421,FALSE,ST9000289-PTS,S875840HS0-RELINEPHCBOU,S875840HS0,S875,HS,8758400,"
REBLAST  08/18",QC-VIS,,8/15/2023 2:54 PM,8/29/2023,,TRUE,FALSE,8/29/2023,8/25/2023,6,34,TRUE,FALSE,FALSE,RELINES,55811,10/2,Phoenix Technology Services USA Inc. (TX),FALSE,TRUE,
129374,FALSE,ST5251183-PTS,S500770F30-RELINEPHCBUO,S500770F30,S500,F3,5007700,,Bartels Rack,8/16/2023 8:45 PM,8/14/2023 11:56 AM,8/28/2023,8/17/2023 8:45 AM,TRUE,TRUE,8/28/2023,8/28/2023,2,35,FALSE,FALSE,FALSE,RELINES,55802,6/3,PV Fluid Products Ltd,FALSE,FALSE,5
129372,FALSE,ST5251065-PTS,S500770F30-RELINEPHCBUO,S500770F30,S500,F3,5007700,,Bartels Rack,8/16/2023 10:46 PM,8/14/2023 11:56 AM,8/25/2023,8/17/2023 10:46 AM,TRUE,TRUE,8/25/2023,8/25/2023,6,34,FALSE,FALSE,FALSE,RELINES,55802,6/1,PV Fluid Products Ltd,FALSE,FALSE,5
129371,FALSE,ST5500761-PTS,S500770F30-RELINEPHCBOU,S500770F30,S500,F3,5007700,,Bartels Rack,8/17/2023 12:30 AM,8/14/2023 11:55 AM,8/25/2023,8/17/2023 12:30 PM,TRUE,TRUE,8/25/2023,8/25/2023,6,34,FALSE,FALSE,FALSE,RELINES,55802,5/5,PV Fluid Products Ltd,FALSE,FALSE,4
129533,FALSE,7005684-152,S700584F30-RELINEKXCB,S700584F30,S700,F3,7005840,"
",QC-IN,,8/17/2023 9:03 AM,8/28/2023,,TRUE,FALSE,8/28/2023,8/28/2023,2,35,FALSE,FALSE,FALSE,RELINES,55816,1/1,"KLX Directional Drilling, LLC",FALSE,FALSE,
129761,FALSE,L158250,S700769HS0-TDCB,S700769HS0,S700,HS,7007690,,T-CLEAN,,8/17/2023 12:05 PM,9/4/2023,,TRUE,FALSE,9/4/2023,9/8/2023,6,36,FALSE,FALSE,FALSE,STATORS,55837,2/1,"Turbo Drill Industries, Inc. (taxable)",FALSE,FALSE,
129762,FALSE,L158251,S700769HS0-TDCB,S700769HS0,S700,HS,7007690,,T-CLEAN,,8/17/2023 12:05 PM,9/4/2023,,TRUE,FALSE,9/4/2023,9/11/2023,2,37,FALSE,FALSE,FALSE,STATORS,55837,2/2,"Turbo Drill Industries, Inc. (taxable)",FALSE,FALSE,
129763,FALSE,L158252,S700769HS0-TDCB,S700769HS0,S700,HS,7007690,,T-CLEAN,,8/17/2023 12:05 PM,9/4/2023,,TRUE,FALSE,9/4/2023,9/12/2023,3,37,FALSE,FALSE,FALSE,STATORS,55837,2/3,"Turbo Drill Industries, Inc. (taxable)",FALSE,FALSE,
129764,FALSE,L158253,S700769HS0-TDCB,S700769HS0,S700,HS,7007690,,T-CLEAN,,8/17/2023 12:05 PM,9/4/2023,,TRUE,FALSE,9/4/2023,9/22/2023,6,38,FALSE,FALSE,FALSE,STATORS,55837,2/4,"Turbo Drill Industries, Inc. (taxable)",FALSE,FALSE,
129765,FALSE,L158254,S700769HS0-TDCB,S700769HS0,S700,HS,7007690,,T-CLEAN,,8/17/2023 12:05 PM,9/4/2023,,TRUE,FALSE,9/4/2023,9/25/2023,2,39,FALSE,FALSE,FALSE,STATORS,55837,2/5,"Turbo Drill Industries, Inc. (taxable)",FALSE,FALSE,
129060,FALSE,ST5251010-PTS,S500770F30-RELINEPHCBUO,S500770F30,S500,F3,5007700,"
STRAIGHTENING  08/10",Bartels Rack,8/17/2023 2:03 PM,8/7/2023 1:51 PM,8/25/2023,8/18/2023 2:03 AM,TRUE,TRUE,8/25/2023,8/28/2023,2,35,TRUE,FALSE,FALSE,RELINES,55763,6/1,PV Fluid Products Ltd,FALSE,FALSE,4
129057,FALSE,ST5500783-PTS,S500770F30-RELINEPHCBOU,S500770F30,S500,F3,5007700,"
STRAIGHTENING  08/11",Bartels Rack,8/17/2023 2:39 PM,8/7/2023 1:47 PM,8/25/2023,8/18/2023 2:39 AM,TRUE,TRUE,8/25/2023,8/28/2023,2,35,TRUE,FALSE,FALSE,RELINES,55763,5/9,PV Fluid Products Ltd,FALSE,FALSE,4
129063,FALSE,ST5251145-PTS,S500770F30-RELINEPHCBUO,S500770F30,S500,F3,5007700,"
STRAIGHTENING  08/11",Bartels Rack,8/17/2023 3:15 PM,8/7/2023 1:51 PM,8/28/2023,8/18/2023 3:15 AM,TRUE,TRUE,8/28/2023,8/28/2023,2,35,TRUE,FALSE,FALSE,RELINES,55763,6/4,PV Fluid Products Ltd,FALSE,FALSE,4
129415,FALSE,L158246,S500770F30,S500770F30,S500,F3,5007700,"
AEP-57870-S571",Bartels Rack,8/17/2023 5:19 PM,8/14/2023 8:46 AM,8/24/2023,8/18/2023 5:19 AM,TRUE,FALSE,8/24/2023,9/1/2023,6,35,FALSE,FALSE,FALSE,STATORS,55801,2/2,Altitude Energy Partners - Consolidated Acct,FALSE,FALSE,4
129414,FALSE,L158245,S500770F30,S500770F30,S500,F3,5007700,"
AEP-57870-S570",Bartels Rack,8/17/2023 5:55 PM,8/14/2023 8:46 AM,8/24/2023,8/18/2023 5:55 AM,TRUE,FALSE,8/24/2023,9/1/2023,6,35,FALSE,FALSE,FALSE,STATORS,55801,2/1,Altitude Energy Partners - Consolidated Acct,FALSE,FALSE,4
129205,FALSE,ST5500732-PTS,S500688HS0-RELINEPHCBOU,S500688HS0,S500,HS,5006880,"
STRAIGHTENING  08/12",Bartels Rack,8/17/2023 11:01 PM,8/8/2023 2:15 PM,8/30/2023,8/18/2023 11:01 AM,TRUE,FALSE,8/30/2023,8/30/2023,4,35,TRUE,FALSE,FALSE,RELINES,55773,10/4,Phoenix Technology Services USA Inc. (TX),FALSE,FALSE,4
129416,FALSE,L158247,S500770F30,S500770F30,S500,F3,5007700,"
AEP-57870-S572",Bartels Rack,8/17/2023 11:37 PM,8/14/2023 8:46 AM,8/24/2023,8/18/2023 11:37 AM,TRUE,FALSE,8/24/2023,9/8/2023,6,36,FALSE,FALSE,FALSE,STATORS,55801,2/3,Altitude Energy Partners - Consolidated Acct,FALSE,FALSE,4
129418,FALSE,L158249,S500770F30,S500770F30,S500,F3,5007700,"
AEP-57870-S574",Bartels Rack,8/18/2023 8:25 AM,8/14/2023 8:46 AM,8/24/2023,8/18/2023 8:25 PM,TRUE,FALSE,8/24/2023,9/8/2023,6,36,FALSE,FALSE,FALSE,STATORS,55801,2/5,Altitude Energy Partners - Consolidated Acct,FALSE,FALSE,3
129417,FALSE,L158248,S500770F30,S500770F30,S500,F3,5007700,"
AEP-57870-S573",Bartels Rack,8/18/2023 9:10 AM,8/14/2023 8:46 AM,8/24/2023,8/18/2023 9:10 PM,TRUE,FALSE,8/24/2023,9/8/2023,6,36,FALSE,FALSE,FALSE,STATORS,55801,2/4,Altitude Energy Partners - Consolidated Acct,FALSE,FALSE,3
129423,FALSE,ST9000206-PTS,S875840HS0-RELINEPHCBOU,S875840HS0,S875,HS,8758400,,Bartels Rack,8/18/2023 9:43 AM,8/15/2023 2:54 PM,8/28/2023,8/18/2023 9:43 PM,TRUE,TRUE,8/28/2023,8/28/2023,2,35,FALSE,FALSE,FALSE,RELINES,55811,10/4,Phoenix Technology Services USA Inc. (TX),FALSE,FALSE,3
129467,FALSE,7005684-072,S700584F30-RELINEKXCB,S700584F30,S700,F3,7005840,"
",Bartels Rack,8/18/2023 11:24 AM,8/15/2023 4:00 PM,8/28/2023,8/18/2023 11:24 PM,TRUE,TRUE,8/28/2023,8/25/2023,6,34,FALSE,FALSE,FALSE,RELINES,55813,1/1,"KLX Directional Drilling, LLC",FALSE,FALSE,3
129606,FALSE,EOGPS9080877024,S875770HS2-RELINEERCBOU,S875770HS2,S875,HS,8757702,"
",QC-IN,,8/18/2023 11:58 AM,8/30/2023,,TRUE,FALSE,8/30/2023,8/29/2023,3,35,FALSE,FALSE,FALSE,RELINES,55842,2/2,EOG Resources Inc.,FALSE,FALSE,
129449,FALSE,EOGPS667B7D58411,S700584HS0-RELINEPHCBID,S700584HS0,S700,HS,7005840,,Bartels Rack,8/18/2023 12:09 PM,8/15/2023 12:36 PM,8/25/2023,8/19/2023 12:09 AM,TRUE,TRUE,8/25/2023,8/25/2023,6,34,FALSE,FALSE,FALSE,RELINES,55810,1/2,EOG Resources Inc.,FALSE,FALSE,3
129447,FALSE,7005684-134,S700584HS0-RELINEKXCB,S700584HS0,S700,HS,7005840,,Bartels Rack,8/18/2023 12:52 PM,8/15/2023 4:01 PM,8/25/2023,8/19/2023 12:52 AM,TRUE,TRUE,8/25/2023,8/25/2023,6,34,FALSE,FALSE,FALSE,RELINES,55814,1/1,"KLX Directional Drilling, LLC",FALSE,FALSE,3
129611,FALSE,AEP-8757870-S038,S875770F30-RELINEALCB,S875770F30,S875,F3,8757700,"
",QC-IN,,8/18/2023 2:30 PM,8/30/2023,,TRUE,FALSE,8/30/2023,8/28/2023,2,35,FALSE,FALSE,FALSE,RELINES,55843,2/1,Altitude Energy Partners - Consolidated Acct,FALSE,TRUE,
129603,FALSE,AEP-962010-S016,S962860F30-RELINE,S962860F30,S962,F3,9628600,"
",QC-IN,,8/18/2023 2:30 PM,8/30/2023,,TRUE,FALSE,8/30/2023,8/28/2023,2,35,FALSE,FALSE,FALSE,RELINES,55843,3/1,Altitude Energy Partners - Consolidated Acct,FALSE,TRUE,
129466,FALSE,7005684-049,S700584F30-RELINEKXCB,S700584F30,S700,F3,7005840,,Bartels Rack,8/18/2023 2:58 PM,8/15/2023 3:58 PM,8/28/2023,8/19/2023 2:58 AM,TRUE,TRUE,8/28/2023,8/25/2023,6,34,FALSE,FALSE,FALSE,RELINES,55812,1/1,"KLX Directional Drilling, LLC",FALSE,FALSE,3
129448,FALSE,EOGPS667B7D5849,S700584HS0-RELINEPHCBID,S700584HS0,S700,HS,7005840,,Bartels Rack,8/18/2023 3:18 PM,8/15/2023 12:36 PM,8/25/2023,8/19/2023 3:18 AM,TRUE,TRUE,8/25/2023,8/25/2023,6,34,FALSE,FALSE,FALSE,RELINES,55810,1/1,EOG Resources Inc.,FALSE,FALSE,3
129438,FALSE,ST6630013-PTS,S700769HS4-RELINEPHCBID,S700769HS4,S700,HS,7007694,,Bartels Rack,8/18/2023 7:15 PM,8/15/2023 2:47 PM,8/25/2023,8/19/2023 7:15 AM,TRUE,TRUE,8/25/2023,8/25/2023,6,34,FALSE,FALSE,FALSE,RELINES,55811,5/4,Phoenix Technology Services USA Inc. (TX),FALSE,FALSE,3
129471,FALSE,ST6630134-PTS,S700584F30-RELINEPHCB,S700584F30,S700,F3,7005840,,Bartels Rack,8/18/2023 7:31 PM,8/15/2023 2:45 PM,8/28/2023,8/19/2023 7:31 AM,TRUE,TRUE,8/28/2023,8/25/2023,6,34,FALSE,FALSE,FALSE,RELINES,55811,4/3,Phoenix Technology Services USA Inc. (TX),FALSE,FALSE,3
129473,FALSE,ST6630005-PTS,S700584F30-RELINEPHCB,S700584F30,S700,F3,7005840,"
",Bartels Rack,8/18/2023 8:21 PM,8/15/2023 2:45 PM,8/28/2023,8/19/2023 8:21 AM,TRUE,FALSE,8/28/2023,8/28/2023,2,35,FALSE,FALSE,FALSE,RELINES,55811,4/5,Phoenix Technology Services USA Inc. (TX),FALSE,FALSE,3
129472,FALSE,ST6630062-PTS,S700584F30-RELINEPHCB,S700584F30,S700,F3,7005840,"
",Bartels Rack,8/18/2023 9:48 PM,8/15/2023 2:45 PM,8/28/2023,8/19/2023 9:48 AM,TRUE,TRUE,8/28/2023,8/25/2023,6,34,FALSE,FALSE,FALSE,RELINES,55811,4/4,Phoenix Technology Services USA Inc. (TX),FALSE,FALSE,3
129529,FALSE,7005684-055,S700584F30-RELINEKXCB,S700584F30,S700,F3,7005840,,Bartels Rack,8/18/2023 11:07 PM,8/17/2023 9:08 AM,8/28/2023,8/19/2023 11:07 AM,TRUE,TRUE,8/28/2023,8/28/2023,2,35,FALSE,FALSE,FALSE,RELINES,55818,1/1,"KLX Directional Drilling, LLC",FALSE,FALSE,3
129426,FALSE,ST7250225-PTS,S725860HS4-RELINEPHCB,S725860HS4,S725,HS,7258604,,Bartels Rack,8/19/2023 12:37 AM,8/15/2023 2:53 PM,8/24/2023,8/19/2023 12:37 PM,TRUE,TRUE,8/24/2023,8/25/2023,6,34,FALSE,FALSE,FALSE,RELINES,55811,9/1,Phoenix Technology Services USA Inc. (TX),FALSE,FALSE,2
129531,FALSE,7005684-147,S700584F30-RELINEKXCB,S700584F30,S700,F3,7005840,"
",Bartels Rack,8/19/2023 1:34 AM,8/17/2023 9:17 AM,8/28/2023,8/19/2023 1:34 PM,TRUE,FALSE,8/28/2023,8/28/2023,2,35,FALSE,FALSE,FALSE,RELINES,55821,1/1,"KLX Directional Drilling, LLC",FALSE,FALSE,2
129546,FALSE,70S1730,S700769HS0-RELINEMPCB,S700769HS0,S700,HS,7007690,"
",Bartels Rack,8/19/2023 2:31 AM,8/17/2023 10:03 AM,8/28/2023,8/19/2023 2:31 PM,TRUE,FALSE,8/28/2023,8/28/2023,2,35,FALSE,TRUE,FALSE,RELINES,55828,1/5,MPACT Downhole Motors,FALSE,FALSE,2
129512,FALSE,PIS 684013,S700584F30-RELINEPDCB,S700584F30,S700,F3,7005840,"
",Bartels Rack,8/19/2023 3:54 AM,8/16/2023 11:08 AM,8/25/2023,8/19/2023 3:54 PM,TRUE,FALSE,8/25/2023,8/25/2023,6,34,FALSE,FALSE,FALSE,RELINES,55815,1/1,Professional Directional Ltd. (TX),FALSE,TRUE,2
129547,FALSE,70S1706,S700769HS0-RELINEMPCB,S700769HS0,S700,HS,7007690,"
",Bartels Rack,8/19/2023 4:46 AM,8/17/2023 10:03 AM,8/28/2023,8/19/2023 4:46 PM,TRUE,FALSE,8/28/2023,8/28/2023,2,35,FALSE,TRUE,FALSE,RELINES,55828,1/6,MPACT Downhole Motors,FALSE,FALSE,2
129463,FALSE,ST5500724-PTS,S500770HS2-RELINEPHCB,S500770HS2,S500,HS,5007702,"
",Bartels Rack,8/19/2023 5:12 AM,8/15/2023 2:40 PM,8/28/2023,8/19/2023 5:12 PM,TRUE,TRUE,8/28/2023,8/25/2023,6,34,FALSE,FALSE,FALSE,RELINES,55811,1/8,Phoenix Technology Services USA Inc. (TX),FALSE,FALSE,2
129514,FALSE,ST5500770-PTS,S500770HS2-RELINEPHCB,S500770HS2,S500,HS,5007702,,Bartels Rack,8/19/2023 5:46 AM,8/15/2023 2:40 PM,8/28/2023,8/19/2023 5:46 PM,TRUE,TRUE,8/28/2023,8/28/2023,2,35,FALSE,FALSE,FALSE,RELINES,55811,1/10,Phoenix Technology Services USA Inc. (TX),FALSE,FALSE,2
129464,FALSE,ST5500723-PTS,S500770HS2-RELINEPHCB,S500770HS2,S500,HS,5007702,,Bartels Rack,8/19/2023 7:10 AM,8/15/2023 2:40 PM,8/25/2023,8/19/2023 7:10 PM,TRUE,TRUE,8/25/2023,8/25/2023,6,34,FALSE,FALSE,FALSE,RELINES,55811,1/9,Phoenix Technology Services USA Inc. (TX),FALSE,FALSE,2
129484,FALSE,EOGS5068830,S500688HS0-RELINEPHCBML,S500688HS0,S500,HS,5006880,"
STRAIGHTENING  08/18",CSTRGHT,8/19/2023 9:34 AM,8/15/2023 12:37 PM,9/4/2023,,TRUE,FALSE,9/5/2023,9/5/2023,3,36,TRUE,FALSE,FALSE,RELINES,55810,2/1,EOG Resources Inc.,FALSE,TRUE,2
129462,FALSE,ST5251082-PTS,S500770HS2-RELINEPHCB,S500770HS2,S500,HS,5007702,,Bartels Rack,8/19/2023 10:37 AM,8/15/2023 2:40 PM,8/24/2023,8/19/2023 10:37 PM,TRUE,TRUE,8/24/2023,8/25/2023,6,34,FALSE,FALSE,FALSE,RELINES,55811,1/7,Phoenix Technology Services USA Inc. (TX),FALSE,FALSE,2
129538,FALSE,87S123,S875770HS0-RELINEMPCB,S875770HS0,S875,HS,8757700,"
.
sn updated 8/17 sj",Bartels Rack,8/19/2023 11:55 AM,8/17/2023 10:04 AM,8/28/2023,8/19/2023 11:55 PM,TRUE,TRUE,8/28/2023,8/28/2023,2,35,FALSE,TRUE,FALSE,RELINES,55828,2/4,MPACT Downhole Motors,FALSE,FALSE,2
129535,FALSE,87S036,S875770HS0-RELINEMPCB,S875770HS0,S875,HS,8757700,"
",Bartels Rack,8/19/2023 12:25 PM,8/17/2023 10:04 AM,8/28/2023,8/20/2023 12:25 AM,TRUE,TRUE,8/28/2023,8/28/2023,2,35,FALSE,TRUE,FALSE,RELINES,55828,2/1,MPACT Downhole Motors,FALSE,FALSE,2
129544,FALSE,70S1583,S700769HS0-RELINEMPCB,S700769HS0,S700,HS,7007690,"
",Bartels Rack,8/19/2023 12:46 PM,8/17/2023 10:03 AM,8/28/2023,8/20/2023 12:46 AM,TRUE,FALSE,8/28/2023,8/28/2023,2,35,FALSE,TRUE,FALSE,RELINES,55828,1/3,MPACT Downhole Motors,FALSE,FALSE,2
129542,FALSE,70S1541,S700769HS0-RELINEMPCB,S700769HS0,S700,HS,7007690,"
",Bartels Rack,8/19/2023 1:16 PM,8/17/2023 10:03 AM,8/28/2023,8/20/2023 1:16 AM,TRUE,TRUE,8/28/2023,8/28/2023,2,35,FALSE,TRUE,FALSE,RELINES,55828,1/1,MPACT Downhole Motors,FALSE,FALSE,2
129536,FALSE,87S202,S875770HS0-RELINEMPCB,S875770HS0,S875,HS,8757700,"
",Bartels Rack,8/19/2023 1:43 PM,8/17/2023 10:04 AM,8/28/2023,8/20/2023 1:43 AM,TRUE,TRUE,8/28/2023,8/28/2023,2,35,FALSE,FALSE,FALSE,RELINES,55828,2/2,MPACT Downhole Motors,FALSE,FALSE,2
129537,FALSE,87S091,S875770HS0-RELINEMPCB,S875770HS0,S875,HS,8757700,"
",Bartels Rack,8/19/2023 3:01 PM,8/17/2023 10:04 AM,8/28/2023,8/20/2023 3:01 AM,TRUE,TRUE,8/28/2023,8/28/2023,2,35,FALSE,TRUE,FALSE,RELINES,55828,2/3,MPACT Downhole Motors,FALSE,FALSE,2
129548,FALSE,68S189,S700769HS0-RELINEMPCBOD,S700769HS0,S700,HS,7007690,,Bartels Rack,8/19/2023 5:21 PM,8/17/2023 9:47 AM,8/25/2023,8/20/2023 5:21 AM,TRUE,TRUE,8/25/2023,8/25/2023,6,34,FALSE,FALSE,FALSE,RELINES,55827,1/1,MPACT Downhole Motors,FALSE,FALSE,2
129528,FALSE,7005684-213,S700584F30-RELINEKXCB,S700584F30,S700,F3,7005840,,Bartels Rack,8/21/2023 4:09 AM,8/17/2023 9:06 AM,8/25/2023,8/21/2023 4:09 PM,TRUE,TRUE,8/25/2023,8/25/2023,6,34,FALSE,FALSE,FALSE,RELINES,55817,1/1,"KLX Directional Drilling, LLC",FALSE,FALSE,2
129047,FALSE,70S1624,S700584F30-RELINEMPCB,S700584F30,S700,F3,7005840,"
Restamp ID band to ""5/6 8.4""
REWORK  08/14",Shipping,8/21/2023 6:07 AM,8/7/2023 2:16 PM,8/21/2023,,TRUE,TRUE,8/21/2023,8/21/2023,2,34,TRUE,TRUE,FALSE,RELINES,55764,1/4,MPACT Downhole Motors,TRUE,TRUE,2
129543,FALSE,70S1385,S700769HS0-RELINEMPCB,S700769HS0,S700,HS,7007690,"
",Bartels Rack,8/21/2023 7:51 AM,8/17/2023 10:03 AM,8/28/2023,8/21/2023 7:51 PM,TRUE,FALSE,8/28/2023,8/28/2023,2,35,FALSE,TRUE,FALSE,RELINES,55828,1/2,MPACT Downhole Motors,FALSE,FALSE,2
129523,FALSE,PVS157895869,S700769HS0-RELINETDCB,S700769HS0,S700,HS,7007690,,Bartels Rack,8/21/2023 8:15 AM,8/17/2023 9:28 AM,8/24/2023,8/21/2023 8:15 PM,TRUE,TRUE,8/24/2023,8/24/2023,5,34,FALSE,FALSE,FALSE,RELINES,55824,1/1,"Turbo Drill Industries, Inc. (taxable)",FALSE,TRUE,2
129545,FALSE,70S1642,S700769HS0-RELINEMPCB,S700769HS0,S700,HS,7007690,"
",Bartels Rack,8/21/2023 8:37 AM,8/17/2023 10:03 AM,8/28/2023,8/21/2023 8:37 PM,TRUE,FALSE,8/28/2023,8/28/2023,2,35,FALSE,TRUE,FALSE,RELINES,55828,1/4,MPACT Downhole Motors,FALSE,FALSE,2
129652,FALSE,ST5250894-PTS,S500617F30-RELINEPHCBUO,S500617F30,S500,F3,5006170,"
",QC-IN,,8/21/2023 9:00 AM,8/30/2023,,TRUE,FALSE,8/30/2023,8/29/2023,3,35,FALSE,FALSE,FALSE,RELINES,55844,1/2,PV Fluid Products Ltd,FALSE,TRUE,
129653,FALSE,ST5251174-PTS,S500617F30-RELINEPHCBUO,S500617F30,S500,F3,5006170,"
",QC-IN,,8/21/2023 9:00 AM,8/30/2023,,TRUE,FALSE,8/30/2023,8/30/2023,4,35,FALSE,FALSE,FALSE,RELINES,55844,1/3,PV Fluid Products Ltd,FALSE,TRUE,
129654,FALSE,ST5250993-PTS,S500617F30-RELINEPHCBUO,S500617F30,S500,F3,5006170,"
",QC-IN,,8/21/2023 9:00 AM,8/30/2023,,TRUE,FALSE,8/30/2023,8/30/2023,4,35,FALSE,FALSE,FALSE,RELINES,55844,1/4,PV Fluid Products Ltd,FALSE,TRUE,
129655,FALSE,ST5250898-PTS,S500617F30-RELINEPHCBUO,S500617F30,S500,F3,5006170,"
",QC-IN,,8/21/2023 9:00 AM,8/31/2023,,TRUE,FALSE,8/31/2023,8/31/2023,5,35,FALSE,FALSE,FALSE,RELINES,55844,1/5,PV Fluid Products Ltd,FALSE,TRUE,
129656,FALSE,ST5250912-PTS,S500617F30-RELINEPHCBUO,S500617F30,S500,F3,5006170,"
",QC-IN,,8/21/2023 9:00 AM,8/30/2023,,TRUE,FALSE,8/30/2023,8/29/2023,3,35,FALSE,FALSE,FALSE,RELINES,55844,1/1,PV Fluid Products Ltd,FALSE,TRUE,
129643,FALSE,ST5001294-PTS,S500688F3T-RELINEPHCB,S500688F3T,S500,F3,500688T,"
",QC-IN,,8/21/2023 9:01 AM,8/30/2023,,TRUE,FALSE,8/30/2023,8/29/2023,3,35,FALSE,FALSE,FALSE,RELINES,55844,2/1,PV Fluid Products Ltd,FALSE,TRUE,
129644,FALSE,ST5001289-PTS,S500688F3T-RELINEPHCB,S500688F3T,S500,F3,500688T,"
",QC-IN,,8/21/2023 9:01 AM,8/30/2023,,TRUE,FALSE,8/30/2023,8/29/2023,3,35,FALSE,FALSE,FALSE,RELINES,55844,2/2,PV Fluid Products Ltd,FALSE,TRUE,
129645,FALSE,ST5001304-PTS,S500688F3T-RELINEPHCB,S500688F3T,S500,F3,500688T,"
",QC-IN,,8/21/2023 9:01 AM,8/30/2023,,TRUE,FALSE,8/30/2023,8/29/2023,3,35,FALSE,FALSE,FALSE,RELINES,55844,2/3,PV Fluid Products Ltd,FALSE,TRUE,
129646,FALSE,ST5001224-PTS,S500688F3T-RELINEPHCB,S500688F3T,S500,F3,500688T,"
",QC-IN,,8/21/2023 9:01 AM,8/30/2023,,TRUE,FALSE,8/30/2023,8/29/2023,3,35,FALSE,FALSE,FALSE,RELINES,55844,2/4,PV Fluid Products Ltd,FALSE,TRUE,
129647,FALSE,ST5001305-PTS,S500688F3T-RELINEPHCB,S500688F3T,S500,F3,500688T,"
",QC-IN,,8/21/2023 9:01 AM,8/30/2023,,TRUE,FALSE,8/30/2023,8/30/2023,4,35,FALSE,FALSE,FALSE,RELINES,55844,2/5,PV Fluid Products Ltd,FALSE,TRUE,
129648,FALSE,ST5001293-PTS,S500688F3T-RELINEPHCB,S500688F3T,S500,F3,500688T,"
",QC-IN,,8/21/2023 9:01 AM,8/30/2023,,TRUE,FALSE,8/30/2023,8/30/2023,4,35,FALSE,FALSE,FALSE,RELINES,55844,2/6,PV Fluid Products Ltd,FALSE,TRUE,
129649,FALSE,ST5250884-PTS,S500688F3T-RELINEPHCBUO,S500688F3T,S500,F3,500688T,"
",QC-IN,,8/21/2023 9:02 AM,8/30/2023,,TRUE,FALSE,8/30/2023,8/30/2023,4,35,FALSE,FALSE,FALSE,RELINES,55844,3/1,PV Fluid Products Ltd,FALSE,TRUE,
129650,FALSE,ST5250992-PTS,S500688F3T-RELINEPHCBUO,S500688F3T,S500,F3,500688T,"
",QC-IN,,8/21/2023 9:02 AM,8/30/2023,,TRUE,FALSE,8/30/2023,8/30/2023,4,35,FALSE,FALSE,FALSE,RELINES,55844,3/2,PV Fluid Products Ltd,FALSE,TRUE,
129651,FALSE,ST5251149-PTS,S500688F3T-RELINEPHCBUO,S500688F3T,S500,F3,500688T,"
",QC-IN,,8/21/2023 9:02 AM,8/31/2023,,TRUE,FALSE,8/31/2023,8/31/2023,5,35,FALSE,FALSE,FALSE,RELINES,55844,3/3,PV Fluid Products Ltd,FALSE,TRUE,
129636,FALSE,ST5500678-PTS,S500770F30-RELINEPHCBOU,S500770F30,S500,F3,5007700,"
",QC-IN,,8/21/2023 9:03 AM,8/30/2023,,TRUE,FALSE,8/30/2023,8/29/2023,3,35,FALSE,FALSE,FALSE,RELINES,55844,4/1,PV Fluid Products Ltd,FALSE,TRUE,
129637,FALSE,ST5500782-PTS,S500770F30-RELINEPHCBOU,S500770F30,S500,F3,5007700,"
",QC-IN,,8/21/2023 9:03 AM,8/30/2023,,TRUE,FALSE,8/30/2023,8/29/2023,3,35,FALSE,FALSE,FALSE,RELINES,55844,4/2,PV Fluid Products Ltd,FALSE,TRUE,
129638,FALSE,ST5500795-PTS,S500770F30-RELINEPHCBOU,S500770F30,S500,F3,5007700,"
",QC-IN,,8/21/2023 9:03 AM,8/30/2023,,TRUE,FALSE,8/30/2023,8/30/2023,4,35,FALSE,FALSE,FALSE,RELINES,55844,4/3,PV Fluid Products Ltd,FALSE,TRUE,
129639,FALSE,ST5251160-PTS,S500770F30-RELINEPHCBUO,S500770F30,S500,F3,5007700,"
",QC-IN,,8/21/2023 9:04 AM,8/30/2023,,TRUE,FALSE,8/30/2023,8/30/2023,4,35,FALSE,FALSE,FALSE,RELINES,55844,5/1,PV Fluid Products Ltd,FALSE,TRUE,
129640,FALSE,ST5251069-PTS,S500770F30-RELINEPHCBUO,S500770F30,S500,F3,5007700,"
",QC-IN,,8/21/2023 9:04 AM,8/31/2023,,TRUE,FALSE,8/31/2023,8/31/2023,5,35,FALSE,FALSE,FALSE,RELINES,55844,5/2,PV Fluid Products Ltd,FALSE,TRUE,
129641,FALSE,ST5251064-PTS,S500770F30-RELINEPHCBUO,S500770F30,S500,F3,5007700,"
",QC-IN,,8/21/2023 9:04 AM,8/31/2023,,TRUE,FALSE,8/31/2023,8/31/2023,5,35,FALSE,FALSE,FALSE,RELINES,55844,5/3,PV Fluid Products Ltd,FALSE,TRUE,
129241,FALSE,EOGS707696,S700584HS0-RELINEERCB,S700584HS0,S700,HS,7005840,"
**Use sk21345 or sk21251***
.
sn updated 8/15 sj
REBLAST  08/17",Bartels Rack,8/21/2023 11:27 AM,8/9/2023 10:23 AM,8/25/2023,8/21/2023 11:27 PM,TRUE,FALSE,8/25/2023,8/18/2023,6,33,TRUE,FALSE,FALSE,RELINES,55777,2/1,EOG Resources Inc.,FALSE,TRUE,2
129677,FALSE,PIS 60093,S675757HS0-RELINEPDCB,S675757HS0,S675,HS,6757570,"
",QC-IN,,8/21/2023 12:01 PM,8/31/2023,,TRUE,FALSE,8/31/2023,8/29/2023,3,35,FALSE,FALSE,FALSE,RELINES,55847,1/1,Professional Directional Ltd. (TX),FALSE,TRUE,
129678,FALSE,PIS 684001,S700584HS2-RELINEPDCB,S700584HS2,S700,HS,7005842,"
",QC-IN,,8/21/2023 12:01 PM,8/31/2023,,TRUE,FALSE,8/31/2023,8/29/2023,3,35,FALSE,FALSE,FALSE,RELINES,55847,2/1,Professional Directional Ltd. (TX),FALSE,TRUE,
129671,FALSE,PIS 679101,S700594HS0-RELINEPDCB,S700594HS0,S700,HS,7005940,"
",QC-IN,,8/21/2023 12:01 PM,8/31/2023,,TRUE,FALSE,8/31/2023,8/29/2023,3,35,FALSE,FALSE,FALSE,RELINES,55847,3/1,Professional Directional Ltd. (TX),FALSE,TRUE,
129672,FALSE,PIS 679127,S700594HS0-RELINEPDCB,S700594HS0,S700,HS,7005940,"
",QC-IN,,8/21/2023 12:01 PM,8/31/2023,,TRUE,FALSE,8/31/2023,8/29/2023,3,35,FALSE,FALSE,FALSE,RELINES,55847,3/2,Professional Directional Ltd. (TX),FALSE,TRUE,
129674,FALSE,PIS 67099,S700769HS0-RELINEPDCB,S700769HS0,S700,HS,7007690,"
",QC-IN,,8/21/2023 12:01 PM,8/31/2023,,TRUE,FALSE,8/31/2023,8/29/2023,3,35,FALSE,FALSE,FALSE,RELINES,55847,4/2,Professional Directional Ltd. (TX),FALSE,TRUE,
129675,FALSE,PMS 67114,S700769HS0-RELINEPDCB,S700769HS0,S700,HS,7007690,"
",QC-IN,,8/21/2023 12:01 PM,8/31/2023,,TRUE,FALSE,8/31/2023,8/29/2023,3,35,FALSE,FALSE,FALSE,RELINES,55847,4/3,Professional Directional Ltd. (TX),FALSE,TRUE,
129676,FALSE,PMS 67129,S700769HS0-RELINEPDCB,S700769HS0,S700,HS,7007690,"
",QC-IN,,8/21/2023 12:01 PM,8/31/2023,,TRUE,FALSE,8/31/2023,8/29/2023,3,35,FALSE,FALSE,FALSE,RELINES,55847,4/4,Professional Directional Ltd. (TX),FALSE,TRUE,
129664,FALSE,PMS 87003,S875770HS2-RELINEPDCBOD,S875770HS2,S875,HS,8757702,"
",QC-IN,,8/21/2023 12:01 PM,8/31/2023,,TRUE,FALSE,8/31/2023,8/29/2023,3,35,FALSE,FALSE,FALSE,RELINES,55847,5/1,Professional Directional Ltd. (TX),FALSE,TRUE,
129665,FALSE,PMS 87011,S875770HS2-RELINEPDCBOD,S875770HS2,S875,HS,8757702,"
",QC-IN,,8/21/2023 12:01 PM,8/31/2023,,TRUE,FALSE,8/31/2023,8/29/2023,3,35,FALSE,FALSE,FALSE,RELINES,55847,5/2,Professional Directional Ltd. (TX),FALSE,TRUE,
129669,FALSE,ST7250431-PTS,S725785F34-RELINEPHCB,S725785F34,S725,F3,7257854,"
",QC-IN,,8/21/2023 12:29 PM,8/31/2023,,TRUE,FALSE,8/31/2023,8/29/2023,3,35,FALSE,FALSE,FALSE,RELINES,55811,14/1,Phoenix Technology Services USA Inc. (TX),FALSE,TRUE,
129667,FALSE,ST7250120-PTS,S725785F30-RELINEPHCB,S725785F30,S725,F3,7257850,"
",QC-IN,,8/21/2023 12:30 PM,8/31/2023,,TRUE,FALSE,8/31/2023,8/29/2023,3,35,FALSE,FALSE,FALSE,RELINES,55811,15/1,Phoenix Technology Services USA Inc. (TX),FALSE,TRUE,
129668,FALSE,ST7250079-PTS,S725785F30-RELINEPHCB,S725785F30,S725,F3,7257850,"
",QC-IN,,8/21/2023 12:30 PM,8/31/2023,,TRUE,FALSE,8/31/2023,8/29/2023,3,35,FALSE,FALSE,FALSE,RELINES,55811,15/2,Phoenix Technology Services USA Inc. (TX),FALSE,TRUE,
129666,FALSE,72S121,S725712HS2-RELINEMPCB,S725712HS2,S725,HS,7257122,"
",QC-IN,,8/21/2023 1:42 PM,8/31/2023,,TRUE,FALSE,8/31/2023,8/30/2023,4,35,FALSE,TRUE,FALSE,RELINES,55804,17/1,MPACT Downhole Motors,FALSE,TRUE,
129621,FALSE,AEP-75684-S535,S700584F32-RELINEALCB,S700584F32,S700,F3,7005842,,Bartels Rack,8/21/2023 2:55 PM,8/18/2023 2:31 PM,8/25/2023,8/22/2023 2:55 AM,TRUE,TRUE,8/25/2023,8/25/2023,6,34,FALSE,FALSE,FALSE,RELINES,55843,4/1,Altitude Energy Partners - Consolidated Acct,FALSE,FALSE,2
129586,FALSE,AEP-57870-S418,S500770F30-RELINE,S500770F30,S500,F3,5007700,,Bartels Rack,8/21/2023 4:07 PM,8/17/2023 11:53 AM,8/25/2023,8/22/2023 4:07 AM,TRUE,TRUE,8/25/2023,8/25/2023,6,34,FALSE,FALSE,FALSE,RELINES,55836,8/1,Altitude Energy Partners - Consolidated Acct,FALSE,FALSE,2
129559,FALSE,50S254,S500688HS0-RELINEMPCB,S500688HS0,S500,HS,5006880,,Bartels Rack,8/21/2023 4:37 PM,8/17/2023 9:51 AM,8/25/2023,8/22/2023 4:37 AM,TRUE,TRUE,8/25/2023,8/25/2023,6,34,FALSE,TRUE,FALSE,RELINES,55827,4/1,MPACT Downhole Motors,FALSE,FALSE,2
129557,FALSE,50S228,S500688HS0-RELINEMPCB,S500688HS0,S500,HS,5006880,,Bartels Rack,8/21/2023 5:46 PM,8/17/2023 9:51 AM,8/24/2023,8/22/2023 5:46 AM,TRUE,TRUE,8/24/2023,8/24/2023,5,34,FALSE,TRUE,FALSE,RELINES,55827,4/3,MPACT Downhole Motors,FALSE,TRUE,2
129519,FALSE,PMS 87039,S875770HS2-RELINEPDCBOD,S875770HS2,S875,HS,8757702,,Bartels Rack,8/21/2023 6:10 PM,8/17/2023 9:39 AM,8/25/2023,8/22/2023 6:10 AM,TRUE,TRUE,8/25/2023,8/25/2023,6,34,FALSE,FALSE,FALSE,RELINES,55826,3/4,Professional Directional Ltd. (TX),FALSE,FALSE,2
129520,FALSE,PMS 87042,S875770HS2-RELINEPDCBOD,S875770HS2,S875,HS,8757702,,Bartels Rack,8/21/2023 6:46 PM,8/17/2023 9:39 AM,8/28/2023,8/22/2023 6:46 AM,TRUE,TRUE,8/28/2023,8/25/2023,6,34,FALSE,FALSE,FALSE,RELINES,55826,3/5,Professional Directional Ltd. (TX),FALSE,FALSE,2
129518,FALSE,PMS 87035,S875770HS2-RELINEPDCBOD,S875770HS2,S875,HS,8757702,,Bartels Rack,8/21/2023 7:07 PM,8/17/2023 9:39 AM,8/25/2023,8/22/2023 7:07 AM,TRUE,TRUE,8/25/2023,8/25/2023,6,34,FALSE,FALSE,FALSE,RELINES,55826,3/3,Professional Directional Ltd. (TX),FALSE,FALSE,2
129602,FALSE,87S031,S875770HS0-RELINEMPCB,S875770HS0,S875,HS,8757700,"
",Bartels Rack,8/21/2023 7:31 PM,8/17/2023 2:56 PM,8/29/2023,8/22/2023 7:31 AM,TRUE,FALSE,8/28/2023,8/28/2023,2,35,FALSE,TRUE,FALSE,RELINES,55838,3/1,MPACT Downhole Motors,FALSE,FALSE,2
129577,FALSE,68S179,S700769HS0-RELINEMPCBOD,S700769HS0,S700,HS,7007690,,Bartels Rack,8/21/2023 9:42 PM,8/17/2023 2:53 PM,8/25/2023,8/22/2023 9:42 AM,TRUE,TRUE,8/25/2023,8/25/2023,6,34,TRUE,FALSE,FALSE,RELINES,55838,2/3,MPACT Downhole Motors,FALSE,FALSE,2
129570,FALSE,70S1740,S700769HS0-RELINEMPCB,S700769HS0,S700,HS,7007690,"
Stamp the following: STAMP ID 7869
",Bartels Rack,8/21/2023 10:16 PM,8/17/2023 2:49 PM,8/29/2023,8/22/2023 10:16 AM,TRUE,FALSE,8/28/2023,8/28/2023,2,35,FALSE,TRUE,FALSE,RELINES,55838,1/2,MPACT Downhole Motors,FALSE,FALSE,2
129208,FALSE,ST5500941-PTS,S500688HS0-RELINEPHCBOU,S500688HS0,S500,HS,5006880,"
REBLAST  08/17 ***Notify QA when scheduled***",Bartels Rack,8/21/2023 10:24 PM,8/8/2023 2:15 PM,8/25/2023,8/22/2023 10:24 AM,TRUE,TRUE,8/25/2023,8/22/2023,3,34,TRUE,FALSE,FALSE,RELINES,55773,10/7,Phoenix Technology Services USA Inc. (TX),FALSE,TRUE,2
129558,FALSE,50S226,S500688HS0-RELINEMPCB,S500688HS0,S500,HS,5006880,,Bartels Rack,8/21/2023 10:46 PM,8/17/2023 9:51 AM,8/25/2023,8/22/2023 10:46 AM,TRUE,TRUE,8/25/2023,8/25/2023,6,34,FALSE,TRUE,FALSE,RELINES,55827,4/4,MPACT Downhole Motors,FALSE,FALSE,2
129574,FALSE,70S1577,S700769HS0-RELINEMPCB,S700769HS0,S700,HS,7007690,"
",Bartels Rack,8/21/2023 10:49 PM,8/17/2023 2:49 PM,8/30/2023,8/22/2023 10:49 AM,TRUE,FALSE,8/29/2023,8/29/2023,3,35,FALSE,TRUE,FALSE,RELINES,55838,1/6,MPACT Downhole Motors,FALSE,FALSE,2
129581,FALSE,68S156,S700769HS0-RELINEMPCBOD,S700769HS0,S700,HS,7007690,"
Stamp the following: STAMP ID 7869
",Bartels Rack,8/21/2023 11:09 PM,8/17/2023 2:53 PM,8/31/2023,8/22/2023 11:09 AM,TRUE,FALSE,8/28/2023,8/28/2023,2,35,FALSE,TRUE,FALSE,RELINES,55838,2/6,MPACT Downhole Motors,FALSE,FALSE,2
129579,FALSE,68S117,S700769HS0-RELINEMPCBOD,S700769HS0,S700,HS,7007690,"
Stamp the following: STAMP ID 7869",Bartels Rack,8/21/2023 11:28 PM,8/17/2023 2:53 PM,8/25/2023,8/22/2023 11:28 AM,TRUE,TRUE,8/25/2023,8/25/2023,6,34,TRUE,FALSE,FALSE,RELINES,55838,2/4,MPACT Downhole Motors,FALSE,FALSE,2
129561,FALSE,TDS5048314940,S875840HS0-RELINETDCBOD,S875840HS0,S875,HS,8758400,"
",Bartels Rack,8/21/2023 11:31 PM,8/17/2023 4:02 PM,8/29/2023,8/22/2023 11:31 AM,TRUE,FALSE,8/29/2023,8/28/2023,2,35,FALSE,FALSE,FALSE,RELINES,55839,1/1,"Turbo Drill Industries, Inc. (taxable)",FALSE,FALSE,2
129521,FALSE,PIS 67053,S700769HS0-RELINEPDCB,S700769HS0,S700,HS,7007690,,Bartels Rack,8/21/2023 11:52 PM,8/17/2023 9:39 AM,8/25/2023,8/22/2023 11:52 AM,TRUE,TRUE,8/25/2023,8/25/2023,6,34,FALSE,FALSE,FALSE,RELINES,55826,2/1,Professional Directional Ltd. (TX),FALSE,FALSE,2
129517,FALSE,PMS 87027,S875770HS2-RELINEPDCBOD,S875770HS2,S875,HS,8757702,,Bartels Rack,8/21/2023 11:55 PM,8/17/2023 9:39 AM,8/24/2023,8/22/2023 11:55 AM,TRUE,TRUE,8/24/2023,8/25/2023,6,34,FALSE,FALSE,FALSE,RELINES,55826,3/2,Professional Directional Ltd. (TX),FALSE,FALSE,2
129516,FALSE,PMS 87009,S875770HS2-RELINEPDCBOD,S875770HS2,S875,HS,8757702,,Bartels Rack,8/22/2023 12:19 AM,8/17/2023 9:39 AM,8/24/2023,8/22/2023 12:19 PM,TRUE,TRUE,8/24/2023,8/25/2023,6,34,FALSE,FALSE,FALSE,RELINES,55826,3/1,Professional Directional Ltd. (TX),FALSE,FALSE,1
129522,FALSE,PIS 67067,S700769HS0-RELINEPDCB,S700769HS0,S700,HS,7007690,,Bartels Rack,8/22/2023 12:25 AM,8/17/2023 9:39 AM,8/25/2023,8/22/2023 12:25 PM,TRUE,TRUE,8/25/2023,8/25/2023,6,34,FALSE,FALSE,FALSE,RELINES,55826,2/2,Professional Directional Ltd. (TX),FALSE,FALSE,1
129569,FALSE,70S1687,S700769HS0-RELINEMPCB,S700769HS0,S700,HS,7007690,"
Stamp the following: STAMP ID 7869
",Bartels Rack,8/22/2023 12:42 AM,8/17/2023 2:49 PM,8/29/2023,8/22/2023 12:42 PM,TRUE,FALSE,8/28/2023,8/28/2023,2,35,FALSE,TRUE,FALSE,RELINES,55838,1/1,MPACT Downhole Motors,FALSE,FALSE,1
129580,FALSE,68S214,S700769HS0-RELINEMPCBOD,S700769HS0,S700,HS,7007690,"
Stamp the following: STAMP ID 7869",Bartels Rack,8/22/2023 12:52 AM,8/17/2023 2:53 PM,8/28/2023,8/22/2023 12:52 PM,TRUE,TRUE,8/28/2023,8/25/2023,6,34,TRUE,FALSE,FALSE,RELINES,55838,2/5,MPACT Downhole Motors,FALSE,FALSE,1
129189,FALSE,ST5500950-PTS,S500770HS2-RELINEPHCB,S500770HS2,S500,HS,5007702,"
REWORK  08/17",Bartels Rack,8/22/2023 1:03 AM,8/8/2023 2:17 PM,8/25/2023,8/22/2023 1:03 PM,TRUE,TRUE,8/25/2023,8/22/2023,3,34,TRUE,FALSE,FALSE,RELINES,55773,11/5,Phoenix Technology Services USA Inc. (TX),FALSE,TRUE,1
129532,FALSE,7005684-111,S700584F30-RELINEKXCB,S700584F30,S700,F3,7005840,"
",Bartels Rack,8/22/2023 1:22 AM,8/17/2023 9:18 AM,8/28/2023,8/22/2023 1:22 PM,TRUE,FALSE,8/28/2023,8/28/2023,2,35,FALSE,FALSE,FALSE,RELINES,55822,1/1,"KLX Directional Drilling, LLC",FALSE,FALSE,1
129554,FALSE,70S1695,S700843HS0-RELINEMPCB,S700843HS0,S700,HS,7008430,"
Stamp the following: RESTAMP 8943",Bartels Rack,8/22/2023 1:24 AM,8/17/2023 9:50 AM,8/25/2023,8/22/2023 1:24 PM,TRUE,TRUE,8/28/2023,8/25/2023,6,34,FALSE,TRUE,FALSE,RELINES,55827,3/2,MPACT Downhole Motors,FALSE,FALSE,1
129187,FALSE,ST5500955-PTS,S500770HS2-RELINEPHCB,S500770HS2,S500,HS,5007702,"
REWORK  08/17",Bartels Rack,8/22/2023 1:54 AM,8/8/2023 2:17 PM,8/25/2023,8/22/2023 1:54 PM,TRUE,TRUE,8/25/2023,8/21/2023,2,34,TRUE,FALSE,FALSE,RELINES,55773,11/3,Phoenix Technology Services USA Inc. (TX),FALSE,TRUE,1
129551,FALSE,68S184,S700769HS0-RELINEMPCBOD,S700769HS0,S700,HS,7007690,,Bartels Rack,8/22/2023 2:13 AM,8/17/2023 9:47 AM,8/25/2023,8/22/2023 2:13 PM,TRUE,TRUE,8/25/2023,8/25/2023,6,34,FALSE,FALSE,FALSE,RELINES,55827,1/4,MPACT Downhole Motors,FALSE,FALSE,1
129550,FALSE,68S251,S700769HS0-RELINEMPCBOD,S700769HS0,S700,HS,7007690,,Bartels Rack,8/22/2023 2:40 AM,8/17/2023 9:47 AM,8/25/2023,8/22/2023 2:40 PM,TRUE,TRUE,8/25/2023,8/25/2023,6,34,FALSE,FALSE,FALSE,RELINES,55827,1/3,MPACT Downhole Motors,FALSE,FALSE,1
129199,FALSE,ST5000582-PTS,S500688HS0-RELINEPHCB,S500688HS0,S500,HS,5006880,"
REBLAST  08/12",Bartels Rack,8/22/2023 3:00 AM,8/8/2023 2:12 PM,8/25/2023,8/22/2023 3:00 PM,TRUE,TRUE,8/25/2023,8/21/2023,2,34,TRUE,FALSE,FALSE,RELINES,55773,8/5,Phoenix Technology Services USA Inc. (TX),FALSE,TRUE,1
129560,FALSE,68S150,S700769HS0-RELINEMPCBOD,S700769HS0,S700,HS,7007690,"
.
”restamp 7869”",Bartels Rack,8/22/2023 3:22 AM,8/21/2023 9:37 AM,8/25/2023,8/22/2023 3:22 PM,TRUE,TRUE,8/25/2023,8/25/2023,6,34,FALSE,FALSE,FALSE,RELINES,55827,6/1,MPACT Downhole Motors,FALSE,FALSE,1
129370,FALSE,ST5500757-PTS,S500770F30-RELINEPHCBOU,S500770F30,S500,F3,5007700,"
STRAIGHTENING  08/16",Bartels Rack,8/22/2023 3:45 AM,8/14/2023 11:55 AM,9/1/2023,8/22/2023 3:45 PM,TRUE,FALSE,8/24/2023,8/31/2023,5,35,TRUE,FALSE,FALSE,RELINES,55802,5/4,PV Fluid Products Ltd,FALSE,FALSE,1
129552,FALSE,68S224,S700769HS0-RELINEMPCBOD,S700769HS0,S700,HS,7007690,,Bartels Rack,8/22/2023 3:48 AM,8/17/2023 9:47 AM,8/25/2023,8/22/2023 3:48 PM,TRUE,TRUE,8/25/2023,8/25/2023,6,34,FALSE,FALSE,FALSE,RELINES,55827,1/5,MPACT Downhole Motors,FALSE,FALSE,1
129394,FALSE,ST5000480-PTS,S500688F3T-RELINEPHCB,S500688F3T,S500,F3,500688T,"
.
sn updated 8/15 sj
STRAIGHTENING  08/16",Bartels Rack,8/22/2023 4:00 AM,8/14/2023 11:52 AM,8/25/2023,8/22/2023 4:00 PM,TRUE,TRUE,8/25/2023,9/1/2023,6,35,TRUE,FALSE,FALSE,RELINES,55802,2/4,PV Fluid Products Ltd,FALSE,FALSE,1
129392,FALSE,ST5001212-PTS,S500688F3T-RELINEPHCB,S500688F3T,S500,F3,500688T,"
STRAIGHTENING  08/16",Bartels Rack,8/22/2023 4:25 AM,8/14/2023 11:52 AM,8/25/2023,8/22/2023 4:25 PM,TRUE,TRUE,8/25/2023,9/1/2023,6,35,TRUE,FALSE,FALSE,RELINES,55802,2/2,PV Fluid Products Ltd,FALSE,FALSE,1
129373,FALSE,ST5251150-PTS,S500770F30-RELINEPHCBUO,S500770F30,S500,F3,5007700,"
STRAIGHTENING  08/16",Bartels Rack,8/22/2023 4:49 AM,8/14/2023 11:56 AM,9/1/2023,8/22/2023 4:49 PM,TRUE,FALSE,8/28/2023,9/5/2023,3,36,TRUE,FALSE,FALSE,RELINES,55802,6/2,PV Fluid Products Ltd,FALSE,FALSE,1
129572,FALSE,70S1294,S700769HS0-RELINEMPCB,S700769HS0,S700,HS,7007690,"
Stamp the following: STAMP ID 7869
",Bartels Rack,8/22/2023 5:19 AM,8/17/2023 2:49 PM,8/29/2023,8/22/2023 5:19 PM,TRUE,FALSE,8/28/2023,8/28/2023,2,35,FALSE,TRUE,FALSE,RELINES,55838,1/4,MPACT Downhole Motors,FALSE,FALSE,1
129578,FALSE,68S246,S700769HS0-RELINEMPCBOD,S700769HS0,S700,HS,7007690,,Bartels Rack,8/22/2023 5:46 AM,8/17/2023 2:53 PM,8/25/2023,8/22/2023 5:46 PM,TRUE,TRUE,8/25/2023,8/25/2023,6,34,TRUE,FALSE,FALSE,RELINES,55838,2/1,MPACT Downhole Motors,FALSE,FALSE,1
129571,FALSE,70S1462,S700769HS0-RELINEMPCB,S700769HS0,S700,HS,7007690,"
Stamp the following: STAMP ID 7869
",Bartels Rack,8/22/2023 6:13 AM,8/17/2023 2:49 PM,8/29/2023,8/22/2023 6:13 PM,TRUE,FALSE,8/28/2023,8/28/2023,2,35,FALSE,TRUE,FALSE,RELINES,55838,1/3,MPACT Downhole Motors,FALSE,FALSE,1
129582,FALSE,68S209,S700769HS0-RELINEMPCBOD,S700769HS0,S700,HS,7007690,"
Stamp the following: STAMP ID 7869
",Bartels Rack,8/22/2023 6:39 AM,8/17/2023 2:53 PM,8/31/2023,8/22/2023 6:39 PM,TRUE,FALSE,8/28/2023,8/28/2023,2,35,FALSE,TRUE,FALSE,RELINES,55838,2/7,MPACT Downhole Motors,FALSE,FALSE,1
129573,FALSE,70S1636,S700769HS0-RELINEMPCB,S700769HS0,S700,HS,7007690,"
Stamp the following: STAMP ID 7869
",Bartels Rack,8/22/2023 7:06 AM,8/17/2023 2:49 PM,8/29/2023,8/22/2023 7:06 PM,TRUE,FALSE,8/28/2023,8/28/2023,2,35,FALSE,TRUE,FALSE,RELINES,55838,1/5,MPACT Downhole Motors,FALSE,FALSE,1
129534,FALSE,PIS 67057,S700584HS2-RELINEPDCB,S700584HS2,S700,HS,7005842,,Bartels Rack,8/22/2023 7:31 AM,8/17/2023 9:39 AM,8/25/2023,8/22/2023 7:31 PM,TRUE,TRUE,8/25/2023,8/25/2023,6,34,FALSE,FALSE,FALSE,RELINES,55826,1/1,Professional Directional Ltd. (TX),FALSE,FALSE,1
129576,FALSE,68S240,S700769HS0-RELINEMPCBOD,S700769HS0,S700,HS,7007690,,Bartels Rack,8/22/2023 7:55 AM,8/17/2023 2:53 PM,8/24/2023,8/22/2023 7:55 PM,TRUE,TRUE,8/24/2023,8/24/2023,5,34,TRUE,FALSE,FALSE,RELINES,55838,2/2,MPACT Downhole Motors,FALSE,TRUE,1
129231,FALSE,AEP-8377870-S002,S875770F30-RELINEALCBOD,S875770F30,S875,F3,8757700,,Bartels Rack,8/22/2023 7:57 AM,8/9/2023 9:27 AM,8/25/2023,8/22/2023 7:57 PM,TRUE,TRUE,8/25/2023,8/23/2023,4,34,FALSE,FALSE,FALSE,RELINES,55775,5/1,Altitude Energy Partners - Consolidated Acct,FALSE,TRUE,1
129564,FALSE,AEP-8757870-S026,S875770F30-RELINEALCB,S875770F30,S875,F3,8757700,,Bartels Rack,8/22/2023 8:25 AM,8/17/2023 11:47 AM,8/25/2023,8/22/2023 8:25 PM,TRUE,TRUE,8/25/2023,8/25/2023,6,34,FALSE,FALSE,FALSE,RELINES,55836,4/1,Altitude Energy Partners - Consolidated Acct,FALSE,FALSE,1
129583,FALSE,7005684-007,S700584HS0-RELINEKXCB,S700584HS0,S700,HS,7005840,"
",Bartels Rack,8/22/2023 8:30 AM,8/17/2023 10:23 AM,8/29/2023,8/22/2023 8:30 PM,TRUE,FALSE,8/29/2023,8/28/2023,2,35,FALSE,FALSE,FALSE,RELINES,55831,1/1,"KLX Directional Drilling, LLC",FALSE,FALSE,1
129527,FALSE,8637870-002,S875770F30-RELINEKXCB,S875770F30,S875,F3,8757700,,Bartels Rack,8/22/2023 8:54 AM,8/17/2023 9:20 AM,8/25/2023,8/22/2023 8:54 PM,TRUE,TRUE,8/25/2023,8/25/2023,6,34,FALSE,FALSE,FALSE,RELINES,55823,1/1,"KLX Directional Drilling, LLC",FALSE,FALSE,1
129585,FALSE,7005684-185,S700584HS0-RELINEKXCB,S700584HS0,S700,HS,7005840,"
",Bartels Rack,8/22/2023 9:39 AM,8/17/2023 10:25 AM,8/29/2023,8/22/2023 9:39 PM,TRUE,FALSE,8/29/2023,8/29/2023,3,35,FALSE,FALSE,FALSE,RELINES,55833,1/1,"KLX Directional Drilling, LLC",FALSE,FALSE,1
129556,FALSE,50S251,S500688HS0-RELINEMPCB,S500688HS0,S500,HS,5006880,"
REBLAST  08/21",RUBREM,8/22/2023 9:48 AM,8/17/2023 9:51 AM,8/30/2023,,TRUE,FALSE,8/30/2023,8/30/2023,4,35,TRUE,TRUE,FALSE,RELINES,55827,4/2,MPACT Downhole Motors,FALSE,TRUE,1
129589,FALSE,7005684-091,S700584F30-RELINEKXCB,S700584F30,S700,F3,7005840,"
",Bartels Rack,8/22/2023 10:04 AM,8/17/2023 10:22 AM,8/29/2023,8/22/2023 10:04 PM,TRUE,FALSE,8/29/2023,8/29/2023,3,35,FALSE,FALSE,FALSE,RELINES,55830,1/1,"KLX Directional Drilling, LLC",FALSE,FALSE,1
129575,FALSE,70S1353,S700769HS0-RELINEMPCB,S700769HS0,S700,HS,7007690,"
",Bartels Rack,8/22/2023 10:28 AM,8/17/2023 2:49 PM,8/30/2023,8/22/2023 10:28 PM,TRUE,FALSE,8/29/2023,8/29/2023,3,35,FALSE,TRUE,FALSE,RELINES,55838,1/7,MPACT Downhole Motors,FALSE,FALSE,1
129747,FALSE,PMS 87022,S875770HS2-RELINEPDCBOD,S875770HS2,S875,HS,8757702,"
",RUBREM,,8/22/2023 10:51 AM,8/31/2023,,TRUE,FALSE,8/31/2023,8/30/2023,4,35,FALSE,FALSE,FALSE,RELINES,55855,1/1,Professional Directional Ltd. (TX),FALSE,TRUE,
129748,FALSE,PMS 87023,S875770HS2-RELINEPDCBOD,S875770HS2,S875,HS,8757702,"
",RUBREM,,8/22/2023 10:51 AM,8/31/2023,,TRUE,FALSE,8/31/2023,8/30/2023,4,35,FALSE,FALSE,FALSE,RELINES,55855,1/2,Professional Directional Ltd. (TX),FALSE,TRUE,
129749,FALSE,PMS 87032,S875770HS2-RELINEPDCBOD,S875770HS2,S875,HS,8757702,"
",RUBREM,,8/22/2023 10:51 AM,8/31/2023,,TRUE,FALSE,8/31/2023,8/30/2023,4,35,FALSE,FALSE,FALSE,RELINES,55855,1/3,Professional Directional Ltd. (TX),FALSE,TRUE,
129584,FALSE,7005684-219,S700584HS0-RELINEKXCB,S700584HS0,S700,HS,7005840,"
",Bartels Rack,8/22/2023 11:13 AM,8/17/2023 10:25 AM,8/29/2023,8/22/2023 11:13 PM,TRUE,FALSE,8/29/2023,8/29/2023,3,35,FALSE,FALSE,FALSE,RELINES,55832,1/1,"KLX Directional Drilling, LLC",FALSE,FALSE,1
129670,FALSE,"70S1766
USE SK21368 at 90C",S700594HS2-RELINEMPCB,S700594HS2,S700,HS,7005942,,QC-IN,,8/22/2023 11:23 AM,8/31/2023,,TRUE,FALSE,8/31/2023,8/31/2023,5,35,FALSE,FALSE,FALSE,RELINES,55806,4/1,MPACT Downhole Motors,FALSE,TRUE,
129588,FALSE,67T6V9552,S700582F30-RELINE,S700582F30,S700,F3,7005820,"
",Bartels Rack,8/22/2023 2:30 PM,8/17/2023 10:27 AM,8/28/2023,8/23/2023 2:30 AM,TRUE,TRUE,8/28/2023,8/28/2023,2,35,FALSE,FALSE,FALSE,RELINES,55835,1/1,"KLX Directional Drilling, LLC",FALSE,FALSE,1
129633,FALSE,L154101,S500617HS0-RELINE,S500617HS0,S500,HS,5006170,"
",Bartels Rack,8/22/2023 2:58 PM,8/18/2023 9:51 AM,8/30/2023,8/23/2023 2:58 AM,TRUE,FALSE,8/30/2023,8/28/2023,2,35,FALSE,FALSE,FALSE,RELINES,55840,2/1,NABORS DRILLING SOLUTIONS,FALSE,FALSE,1
129751,FALSE,ST9000013-PTS,S875770F30-RELINEPHCBOU,S875770F30,S875,F3,8757700,"
",RUBREM,,8/22/2023 3:14 PM,9/1/2023,,TRUE,FALSE,9/1/2023,8/29/2023,3,35,FALSE,FALSE,FALSE,RELINES,55811,16/1,Phoenix Technology Services USA Inc. (TX),FALSE,TRUE,
129752,FALSE,ST9000022-PTS,S875770F30-RELINEPHCBOU,S875770F30,S875,F3,8757700,"
",RUBREM,,8/22/2023 3:14 PM,9/1/2023,,TRUE,FALSE,9/1/2023,8/29/2023,3,35,FALSE,FALSE,FALSE,RELINES,55811,16/2,Phoenix Technology Services USA Inc. (TX),FALSE,TRUE,
129174,FALSE,ST6630020-PTS,S700769HS4-RELINEPHCBID,S700769HS4,S700,HS,7007694,"
REWORK  08/18",Bartels Rack,8/22/2023 3:22 PM,8/8/2023 2:09 PM,8/25/2023,8/23/2023 3:22 AM,TRUE,TRUE,8/25/2023,8/18/2023,6,33,TRUE,FALSE,FALSE,RELINES,55773,6/4,Phoenix Technology Services USA Inc. (TX),FALSE,TRUE,1
129623,FALSE,L153483,S500688HS0-RELINE,S500688HS0,S500,HS,5006880,"
",Bartels Rack,8/22/2023 3:52 PM,8/18/2023 9:49 AM,8/30/2023,8/23/2023 3:52 AM,TRUE,FALSE,8/30/2023,8/29/2023,3,35,FALSE,FALSE,FALSE,RELINES,55840,1/2,NABORS DRILLING SOLUTIONS,FALSE,FALSE,1
129627,FALSE,L153446,S500688HS0-RELINE,S500688HS0,S500,HS,5006880,"
",Bartels Rack,8/22/2023 4:31 PM,8/18/2023 9:49 AM,9/1/2023,8/23/2023 4:31 AM,TRUE,FALSE,9/1/2023,9/1/2023,6,35,FALSE,FALSE,FALSE,RELINES,55840,1/6,NABORS DRILLING SOLUTIONS,FALSE,FALSE,1
129626,FALSE,L153731,S500688HS0-RELINE,S500688HS0,S500,HS,5006880,"
",Bartels Rack,8/22/2023 4:51 PM,8/18/2023 9:49 AM,8/31/2023,8/23/2023 4:51 AM,TRUE,FALSE,8/31/2023,8/31/2023,5,35,FALSE,FALSE,FALSE,RELINES,55840,1/5,NABORS DRILLING SOLUTIONS,FALSE,FALSE,1
129622,FALSE,L154099,S500688HS0-RELINE,S500688HS0,S500,HS,5006880,"
",Bartels Rack,8/22/2023 5:31 PM,8/18/2023 9:49 AM,8/30/2023,8/23/2023 5:31 AM,TRUE,FALSE,8/30/2023,8/28/2023,2,35,FALSE,FALSE,FALSE,RELINES,55840,1/1,NABORS DRILLING SOLUTIONS,FALSE,FALSE,1
129642,FALSE,7005684-047,S700584F30-RELINEKXCB,S700584F30,S700,F3,7005840,"
",Bartels Rack,8/22/2023 6:24 PM,8/21/2023 10:25 AM,8/31/2023,8/23/2023 6:24 AM,TRUE,FALSE,8/30/2023,8/30/2023,4,35,FALSE,FALSE,FALSE,RELINES,55846,1/1,"KLX Directional Drilling, LLC",FALSE,FALSE,1
129612,FALSE,L153554,S700769HS0-RELINE,S700769HS0,S700,HS,7007690,"
",Bartels Rack,8/22/2023 6:52 PM,8/18/2023 9:52 AM,8/30/2023,8/23/2023 6:52 AM,TRUE,FALSE,8/30/2023,8/28/2023,2,35,FALSE,FALSE,FALSE,RELINES,55840,4/1,NABORS DRILLING SOLUTIONS,FALSE,FALSE,1
129620,FALSE,L150433,S700584F30-RELINE,S700584F30,S700,F3,7005840,"
",Bartels Rack,8/22/2023 7:13 PM,8/18/2023 9:53 AM,8/25/2023,8/23/2023 7:13 AM,TRUE,TRUE,8/25/2023,8/30/2023,4,35,FALSE,FALSE,FALSE,RELINES,55840,5/2,NABORS DRILLING SOLUTIONS,FALSE,FALSE,1
129361,FALSE,70S1779,S700769HS0-RELINEMPCB,S700769HS0,S700,HS,7007690,"
REWORK  08/22",RUBREM,8/22/2023 7:57 PM,8/14/2023 4:08 PM,8/31/2023,,TRUE,FALSE,8/31/2023,8/31/2023,5,35,TRUE,TRUE,FALSE,RELINES,55737,14/1,MPACT Downhole Motors,FALSE,FALSE,1
128972,FALSE,ST6630050-PTS,S700584F32-RELINEPHCBID,S700584F32,S700,F3,7005842,"
REWORK  08/10
REWORK  08/18",Bartels Rack,8/22/2023 10:37 PM,8/4/2023 1:39 PM,8/25/2023,8/23/2023 10:37 AM,TRUE,TRUE,8/25/2023,8/16/2023,4,33,TRUE,FALSE,FALSE,RELINES,55750,1/4,Phoenix Technology Services USA Inc. (TX),FALSE,TRUE,1
129625,FALSE,L153452,S500688HS0-RELINE,S500688HS0,S500,HS,5006880,"
",Bartels Rack,8/22/2023 11:03 PM,8/18/2023 9:49 AM,8/31/2023,8/23/2023 11:03 AM,TRUE,FALSE,8/31/2023,8/31/2023,5,35,FALSE,FALSE,FALSE,RELINES,55840,1/4,NABORS DRILLING SOLUTIONS,FALSE,FALSE,1
129618,FALSE,700162,S700582HS0-RELINE,S700582HS0,S700,HS,7005820,"
",Bartels Rack,8/22/2023 11:31 PM,8/18/2023 9:51 AM,8/31/2023,8/23/2023 11:31 AM,TRUE,FALSE,8/31/2023,8/31/2023,5,35,FALSE,FALSE,FALSE,RELINES,55840,3/3,NABORS DRILLING SOLUTIONS,FALSE,FALSE,1
129624,FALSE,L154097,S500688HS0-RELINE,S500688HS0,S500,HS,5006880,"
",Bartels Rack,8/22/2023 11:58 PM,8/18/2023 9:49 AM,8/30/2023,8/23/2023 11:58 AM,TRUE,FALSE,8/30/2023,8/30/2023,4,35,FALSE,FALSE,FALSE,RELINES,55840,1/3,NABORS DRILLING SOLUTIONS,FALSE,FALSE,1
MRP00000000124,FALSE,,S500688F3T,S500688F3T,S500,F3,500688T,,T-CLEAN,,8/23/2023,9/1/2023,,FALSE,FALSE,,,7,0,FALSE,FALSE,FALSE,STATORS,,,,,FALSE,
129619,FALSE,700204,S700584F30-RELINE,S700584F30,S700,F3,7005840,"
",Bartels Rack,8/23/2023 12:24 AM,8/18/2023 9:53 AM,8/25/2023,8/23/2023 12:24 PM,TRUE,TRUE,8/25/2023,8/29/2023,3,35,FALSE,FALSE,FALSE,RELINES,55840,5/1,NABORS DRILLING SOLUTIONS,FALSE,FALSE,0
129629,FALSE,L158034,S500688HS0-RELINE,S500688HS0,S500,HS,5006880,"
",Bartels Rack,8/23/2023 12:45 AM,8/18/2023 9:49 AM,9/1/2023,8/23/2023 12:45 PM,TRUE,FALSE,9/1/2023,9/1/2023,6,35,FALSE,FALSE,FALSE,RELINES,55840,1/8,NABORS DRILLING SOLUTIONS,FALSE,FALSE,0
129617,FALSE,700163,S700582HS0-RELINE,S700582HS0,S700,HS,7005820,"
",Bartels Rack,8/23/2023 1:12 AM,8/18/2023 9:51 AM,8/30/2023,8/23/2023 1:12 PM,TRUE,FALSE,8/30/2023,8/30/2023,4,35,FALSE,FALSE,FALSE,RELINES,55840,3/2,NABORS DRILLING SOLUTIONS,FALSE,FALSE,0
129282,FALSE,PMS 87036,S875770HS2-RELINEPDCBOD,S875770HS2,S875,HS,8757702,"
REWORK  08/18",Bartels Rack,8/23/2023 1:37 AM,8/10/2023 10:17 AM,8/25/2023,8/23/2023 1:37 PM,TRUE,TRUE,8/25/2023,8/21/2023,2,34,TRUE,FALSE,FALSE,RELINES,55787,1/2,Professional Directional Ltd. (TX),FALSE,TRUE,0
129142,FALSE,ST9000061-PTS,S875840HS0-RELINEPHCBOU,S875840HS0,S875,HS,8758400,"
REWORK  08/18",Bartels Rack,8/23/2023 2:06 AM,8/8/2023 2:11 PM,8/25/2023,8/23/2023 2:06 PM,TRUE,TRUE,8/25/2023,8/18/2023,6,33,TRUE,FALSE,FALSE,RELINES,55773,7/1,Phoenix Technology Services USA Inc. (TX),FALSE,TRUE,0
129616,FALSE,700155,S700582HS0-RELINE,S700582HS0,S700,HS,7005820,"
",Bartels Rack,8/23/2023 2:57 AM,8/18/2023 9:51 AM,8/30/2023,8/23/2023 2:57 PM,TRUE,FALSE,8/30/2023,8/29/2023,3,35,FALSE,FALSE,FALSE,RELINES,55840,3/1,NABORS DRILLING SOLUTIONS,FALSE,FALSE,0
129141,FALSE,AEP-725035-S017,S725612F32-RELINEALCB,S725612F32,S725,F3,7256122,"
REWORK  08/18",Bartels Rack,8/23/2023 3:28 AM,8/8/2023 11:22 AM,8/25/2023,8/23/2023 3:28 PM,TRUE,TRUE,8/25/2023,8/17/2023,5,33,TRUE,FALSE,FALSE,RELINES,55677,9/1,Altitude Energy Partners - Consolidated Acct,FALSE,TRUE,0
129587,FALSE,67857-095,S675757HS0-RELINE,S675757HS0,S675,HS,6757570,"
REBLAST  08/22",RUBREM,8/23/2023 3:37 AM,8/17/2023 10:26 AM,8/31/2023,,TRUE,FALSE,8/31/2023,8/31/2023,5,35,TRUE,FALSE,FALSE,RELINES,55834,1/1,"KLX Directional Drilling, LLC",FALSE,TRUE,0
129628,FALSE,L153490,S500688HS0-RELINE,S500688HS0,S500,HS,5006880,"
",Bartels Rack,8/23/2023 3:54 AM,8/18/2023 9:49 AM,9/1/2023,8/23/2023 3:54 PM,TRUE,FALSE,9/1/2023,9/1/2023,6,35,FALSE,FALSE,FALSE,RELINES,55840,1/7,NABORS DRILLING SOLUTIONS,FALSE,FALSE,0
129610,FALSE,AEP-725035-S037,S725612F32-RELINEALCB,S725612F32,S725,F3,7256122,,Bartels Rack,8/23/2023 4:22 AM,8/18/2023 1:08 PM,8/28/2023,8/23/2023 4:22 PM,TRUE,TRUE,8/28/2023,8/28/2023,2,35,FALSE,FALSE,FALSE,RELINES,55766,5/1,Altitude Energy Partners - Consolidated Acct,FALSE,FALSE,0
129607,FALSE,EOGPS9080877025,S875770HS2-RELINEERCBOU,S875770HS2,S875,HS,8757702,"
",Bartels Rack,8/23/2023 5:19 AM,8/18/2023 11:58 AM,8/30/2023,8/23/2023 5:19 PM,TRUE,FALSE,8/30/2023,8/30/2023,4,35,FALSE,FALSE,FALSE,RELINES,55842,2/3,EOG Resources Inc.,FALSE,FALSE,0
129608,FALSE,EOGPS9080877027,S875770HS2-RELINEERCBOU,S875770HS2,S875,HS,8757702,"
",Bartels Rack,8/23/2023 5:42 AM,8/18/2023 11:58 AM,8/30/2023,8/23/2023 5:42 PM,TRUE,FALSE,8/30/2023,8/30/2023,4,35,FALSE,FALSE,FALSE,RELINES,55842,2/4,EOG Resources Inc.,FALSE,FALSE,0
129219,FALSE,AEP-8757870-S072,S875770F30-RELINEALCB,S875770F30,S875,F3,8757700,,QCS-1,8/23/2023 6:16 AM,8/9/2023 9:24 AM,8/24/2023,,TRUE,TRUE,8/24/2023,8/23/2023,4,34,FALSE,FALSE,FALSE,RELINES,55775,2/2,Altitude Energy Partners - Consolidated Acct,FALSE,TRUE,0
129605,FALSE,EOGPS9080877015,S875770HS2-RELINEERCBOU,S875770HS2,S875,HS,8757702,"
",Bartels Rack,8/23/2023 6:25 AM,8/18/2023 11:58 AM,8/30/2023,8/23/2023 6:25 PM,TRUE,FALSE,8/30/2023,8/28/2023,2,35,FALSE,FALSE,FALSE,RELINES,55842,2/1,EOG Resources Inc.,FALSE,FALSE,0
129615,FALSE,PMS 67124,S700769HS0-RELINEPDCB,S700769HS0,S700,HS,7007690,"
",Bartels Rack,8/23/2023 7:18 AM,8/18/2023 11:21 AM,8/30/2023,8/23/2023 7:18 PM,TRUE,FALSE,8/30/2023,8/28/2023,2,35,FALSE,FALSE,FALSE,RELINES,55841,3/3,Professional Directional Ltd. (TX),FALSE,FALSE,0
129630,FALSE,EOGPS53101A68831,S500688HS0-RELINEERCBOU,S500688HS0,S500,HS,5006880,"
",Bartels Rack,8/23/2023 7:42 AM,8/18/2023 11:56 AM,8/30/2023,8/23/2023 7:42 PM,TRUE,FALSE,8/30/2023,8/28/2023,2,35,FALSE,FALSE,FALSE,RELINES,55842,1/1,EOG Resources Inc.,FALSE,FALSE,0
129634,FALSE,PIS 67004,S700584HS0-RELINEPDCB,S700584HS0,S700,HS,7005840,"
",Bartels Rack,8/23/2023 8:43 AM,8/18/2023 11:20 AM,8/30/2023,8/23/2023 8:43 PM,TRUE,FALSE,8/30/2023,8/28/2023,2,35,FALSE,FALSE,FALSE,RELINES,55841,1/1,Professional Directional Ltd. (TX),FALSE,FALSE,0
129613,FALSE,PIS 67056,S700769HS0-RELINEPDCB,S700769HS0,S700,HS,7007690,"
",Bartels Rack,8/23/2023 9:13 AM,8/18/2023 11:21 AM,8/30/2023,8/23/2023 9:13 PM,TRUE,FALSE,8/30/2023,8/28/2023,2,35,FALSE,FALSE,FALSE,RELINES,55841,3/1,Professional Directional Ltd. (TX),FALSE,FALSE,0
129337,FALSE,87S053,S875770HS0-RELINEMPCB,S875770HS0,S875,HS,8757700,"
REWORK  08/23",RUBREM,8/23/2023 9:25 AM,8/14/2023 2:33 PM,9/1/2023,,TRUE,FALSE,9/1/2023,8/28/2023,2,35,TRUE,TRUE,FALSE,RELINES,55804,1/3,MPACT Downhole Motors,FALSE,TRUE,0
129363,FALSE,68S124,S700769HS0-RELINEMPCBOD,S700769HS0,S700,HS,7007690,"
REWORK  08/23",RUBREM,8/23/2023 9:25 AM,8/14/2023 2:54 PM,9/1/2023,,TRUE,FALSE,9/1/2023,8/28/2023,2,35,TRUE,FALSE,FALSE,RELINES,55804,5/2,MPACT Downhole Motors,FALSE,TRUE,0
129635,FALSE,PIS 679123,S700594HS0-RELINEPDCB,S700594HS0,S700,HS,7005940,"
",Bartels Rack,8/23/2023 9:34 AM,8/18/2023 11:21 AM,8/30/2023,8/23/2023 9:34 PM,TRUE,FALSE,8/30/2023,8/28/2023,2,35,FALSE,FALSE,FALSE,RELINES,55841,2/1,Professional Directional Ltd. (TX),FALSE,FALSE,0
129437,FALSE,ST6630002-PTS,S700769HS4-RELINEPHCBID,S700769HS4,S700,HS,7007694,,PAINT,8/23/2023 9:39 AM,8/15/2023 2:47 PM,8/24/2023,,TRUE,TRUE,8/24/2023,8/25/2023,6,34,FALSE,FALSE,FALSE,RELINES,55811,5/3,Phoenix Technology Services USA Inc. (TX),FALSE,FALSE,0
129767,FALSE,EOGPS667B7D7692,S700769HS0-RELINEPHCBID,S700769HS0,S700,HS,7007690,"
",RUBREM,,8/23/2023 9:46 AM,9/1/2023,,TRUE,FALSE,9/1/2023,8/30/2023,4,35,FALSE,FALSE,FALSE,RELINES,55862,1/1,EOG Resources Inc.,FALSE,TRUE,
129631,FALSE,EOGPS53101A68839,S500688HS0-RELINEERCBOU,S500688HS0,S500,HS,5006880,"
",Bartels Rack,8/23/2023 9:55 AM,8/18/2023 11:56 AM,8/30/2023,8/23/2023 9:55 PM,TRUE,FALSE,8/30/2023,8/29/2023,3,35,FALSE,FALSE,FALSE,RELINES,55842,1/2,EOG Resources Inc.,FALSE,FALSE,0
129470,FALSE,ST6630145-PTS,S700584F30-RELINEPHCB,S700584F30,S700,F3,7005840,,PAINT,8/23/2023 10:04 AM,8/15/2023 2:45 PM,8/24/2023,,TRUE,TRUE,8/24/2023,8/24/2023,5,34,FALSE,FALSE,FALSE,RELINES,55811,4/2,Phoenix Technology Services USA Inc. (TX),FALSE,FALSE,0
129510,FALSE,PMS 87001,S875770HS2-RELINEPDCBOD,S875770HS2,S875,HS,8757702,,QUENCH,8/23/2023 10:07 AM,8/16/2023 11:08 AM,8/24/2023,,TRUE,TRUE,8/24/2023,8/25/2023,6,34,FALSE,FALSE,FALSE,RELINES,55815,3/1,Professional Directional Ltd. (TX),FALSE,FALSE,0
129420,FALSE,ST9000075-PTS,S875840HS0-RELINEPHCBOU,S875840HS0,S875,HS,8758400,,CORECL,8/23/2023 10:13 AM,8/15/2023 2:54 PM,8/24/2023,,TRUE,TRUE,8/24/2023,8/24/2023,5,34,FALSE,FALSE,FALSE,RELINES,55811,10/1,Phoenix Technology Services USA Inc. (TX),FALSE,TRUE,0
129563,FALSE,AEP-725PV-S002,S725790F32-RELINEALCB,S725790F32,S725,F3,7257902,"
.
sn updated 8/18 sj",CURE,8/23/2023 10:36 AM,8/17/2023 11:51 AM,8/24/2023,,TRUE,TRUE,8/24/2023,8/25/2023,6,34,FALSE,FALSE,FALSE,RELINES,55836,7/1,Altitude Energy Partners - Consolidated Acct,FALSE,FALSE,0
127404,FALSE,L158113,S500770F30-PHCBIDUOTH,S500770F30,S500,F3,5007700,"
ST5251227-PTS",QUENCH,8/23/2023 10:40 AM,6/29/2023 11:49 AM,8/24/2023,,TRUE,TRUE,8/24/2023,8/25/2023,6,34,FALSE,FALSE,FALSE,STATORS,55487,4/1,PV Fluid Products Ltd,FALSE,FALSE,0
129511,FALSE,PMS 87010,S875770HS2-RELINEPDCBOD,S875770HS2,S875,HS,8757702,,CORECL,8/23/2023 10:40 AM,8/16/2023 11:08 AM,8/24/2023,,TRUE,TRUE,8/24/2023,8/25/2023,6,34,FALSE,FALSE,FALSE,RELINES,55815,3/2,Professional Directional Ltd. (TX),FALSE,FALSE,0
128905,FALSE,L158228,S962860F30,S962860F30,S962,F3,9628600,"
AEP-962010-S031",BENCH,8/23/2023 10:51 AM,7/10/2023 3:08 PM,8/24/2023,,TRUE,TRUE,8/24/2023,8/24/2023,5,34,FALSE,FALSE,FALSE,STATORS,55569,2/9,Altitude Energy Partners - Consolidated Acct,FALSE,TRUE,0
129568,FALSE,AEP-667869-S516,S700769F30-RELINEPVOD,S700769F30,S700,F3,7007690,,CURE,8/23/2023 10:52 AM,8/17/2023 11:50 AM,8/24/2023,,TRUE,TRUE,8/24/2023,8/25/2023,6,34,FALSE,FALSE,FALSE,RELINES,55836,6/1,Altitude Energy Partners - Consolidated Acct,FALSE,FALSE,0
129364,FALSE,PIS 67965,S700769HS0-RELINEPDCB,S700769HS0,S700,HS,7007690,"
REWORK  08/21",WSHRINSE,8/23/2023 10:55 AM,8/14/2023 12:18 PM,8/30/2023,,TRUE,FALSE,8/30/2023,8/23/2023,4,34,TRUE,FALSE,FALSE,RELINES,55803,9/1,Professional Directional Ltd. (TX),FALSE,TRUE,0
129553,FALSE,70S1761,S700843HS0-RELINEMPCB,S700843HS0,S700,HS,7008430,"
Stamp the following: RESTAMP 8943",PAINT,8/23/2023 10:55 AM,8/17/2023 9:50 AM,8/24/2023,,TRUE,TRUE,8/24/2023,8/24/2023,5,34,FALSE,TRUE,FALSE,RELINES,55827,3/1,MPACT Downhole Motors,FALSE,FALSE,0
129604,FALSE,AEP-962010-S003,S962860F30-RELINE,S962860F30,S962,F3,9628600,"
",WSHRINSE,8/23/2023 10:57 AM,8/18/2023 2:30 PM,8/30/2023,,TRUE,FALSE,8/30/2023,8/29/2023,3,35,FALSE,FALSE,FALSE,RELINES,55843,3/2,Altitude Energy Partners - Consolidated Acct,FALSE,FALSE,0
129092,FALSE,L158239,S700584HS0-ERCBUO,S700584HS0,S700,HS,7005840,"
EOGPS7110158410
**Use sk21345 or sk21251***",CURE,8/23/2023 10:58 AM,10/19/2022 9:34 AM,8/24/2023,,TRUE,TRUE,8/24/2023,9/1/2023,6,35,FALSE,FALSE,FALSE,STATORS,53493,6/10,EOG Resources Inc.,FALSE,FALSE,0
129766,FALSE,PMS 6068,S675757HS0-RELINE,S675757HS0,S675,HS,6757570,"
",RUBREM,,8/23/2023 11:08 AM,9/1/2023,,TRUE,FALSE,9/1/2023,8/30/2023,4,35,FALSE,FALSE,FALSE,RELINES,55864,1/1,Professional Directional Ltd. (TX),FALSE,TRUE,
129768,FALSE,PIS 67998,S700584HS0-RELINEPDCB,S700584HS0,S700,HS,7005840,"
",RUBREM,,8/23/2023 11:08 AM,9/1/2023,,TRUE,FALSE,9/1/2023,8/30/2023,4,35,FALSE,FALSE,FALSE,RELINES,55864,2/1,Professional Directional Ltd. (TX),FALSE,TRUE,
129769,FALSE,PIS 67017,S700769HS0-RELINEPDCB,S700769HS0,S700,HS,7007690,"
",RUBREM,,8/23/2023 11:08 AM,9/1/2023,,TRUE,FALSE,9/1/2023,8/30/2023,4,35,FALSE,FALSE,FALSE,RELINES,55864,3/1,Professional Directional Ltd. (TX),FALSE,TRUE,
129770,FALSE,PMS 67113,S700769HS0-RELINEPDCB,S700769HS0,S700,HS,7007690,"
",RUBREM,,8/23/2023 11:08 AM,9/1/2023,,TRUE,FALSE,9/1/2023,8/30/2023,4,35,FALSE,FALSE,FALSE,RELINES,55864,3/4,Professional Directional Ltd. (TX),FALSE,TRUE,
129771,FALSE,PIS 67050,S700769HS0-RELINEPDCB,S700769HS0,S700,HS,7007690,"
",RUBREM,,8/23/2023 11:08 AM,9/1/2023,,TRUE,FALSE,9/1/2023,8/31/2023,5,35,FALSE,FALSE,FALSE,RELINES,55864,3/2,Professional Directional Ltd. (TX),FALSE,TRUE,
129772,FALSE,PMS 67104,S700769HS0-RELINEPDCB,S700769HS0,S700,HS,7007690,"
",RUBREM,,8/23/2023 11:08 AM,9/1/2023,,TRUE,FALSE,9/1/2023,8/31/2023,5,35,FALSE,FALSE,FALSE,RELINES,55864,3/3,Professional Directional Ltd. (TX),FALSE,TRUE,
129773,FALSE,PMS 87046,S875770HS2-RELINEPDCBOD,S875770HS2,S875,HS,8757702,"
",RUBREM,,8/23/2023 11:09 AM,9/1/2023,,TRUE,FALSE,9/1/2023,8/30/2023,4,35,FALSE,FALSE,FALSE,RELINES,55864,4/3,Professional Directional Ltd. (TX),FALSE,TRUE,
129774,FALSE,PMS 87020,S875770HS2-RELINEPDCBOD,S875770HS2,S875,HS,8757702,"
",RUBREM,,8/23/2023 11:09 AM,9/1/2023,,TRUE,FALSE,9/1/2023,8/31/2023,5,35,FALSE,FALSE,FALSE,RELINES,55864,4/1,Professional Directional Ltd. (TX),FALSE,TRUE,
129775,FALSE,PMS 87029,S875770HS2-RELINEPDCBOD,S875770HS2,S875,HS,8757702,"
",RUBREM,,8/23/2023 11:09 AM,9/1/2023,,TRUE,FALSE,9/1/2023,8/31/2023,5,35,FALSE,FALSE,FALSE,RELINES,55864,4/2,Professional Directional Ltd. (TX),FALSE,TRUE,
129776,FALSE,PMS 87052,S875770HS2-RELINEPDCBOD,S875770HS2,S875,HS,8757702,"
",RUBREM,,8/23/2023 11:09 AM,9/1/2023,,TRUE,FALSE,9/1/2023,8/31/2023,5,35,FALSE,FALSE,FALSE,RELINES,55864,4/4,Professional Directional Ltd. (TX),FALSE,TRUE,
129591,FALSE,AEP-56788-S442,S500688F30-RELINE,S500688F30,S500,F3,5006880,,BENCH,8/23/2023 11:10 AM,8/17/2023 11:45 AM,8/25/2023,,TRUE,TRUE,8/25/2023,8/25/2023,6,34,FALSE,FALSE,FALSE,RELINES,55836,1/2,Altitude Energy Partners - Consolidated Acct,FALSE,FALSE,0
129541,FALSE,70S1492,S700769HS0-RELINEMPCB,S700769HS0,S700,HS,7007690,,PAINT,8/23/2023 11:16 AM,8/17/2023 9:49 AM,8/24/2023,,TRUE,TRUE,8/24/2023,8/24/2023,5,34,FALSE,TRUE,FALSE,RELINES,55827,2/3,MPACT Downhole Motors,FALSE,FALSE,0
129461,FALSE,ST5251184-PTS,S500770HS2-RELINEPHCB,S500770HS2,S500,HS,5007702,,QUENCH,8/23/2023 11:22 AM,8/15/2023 2:40 PM,8/24/2023,,TRUE,TRUE,8/24/2023,8/24/2023,5,34,FALSE,FALSE,FALSE,RELINES,55811,1/6,Phoenix Technology Services USA Inc. (TX),FALSE,TRUE,0
129455,FALSE,ST6630146-PTS,S700584F32-RELINEPHCBID,S700584F32,S700,F3,7005842,,PAINT,8/23/2023 11:22 AM,8/15/2023 2:57 PM,8/24/2023,,TRUE,TRUE,8/24/2023,8/25/2023,6,34,FALSE,FALSE,FALSE,RELINES,55811,12/4,Phoenix Technology Services USA Inc. (TX),FALSE,FALSE,0
129565,FALSE,AEP-8377870-S003,S875770F30-RELINEALCBOD,S875770F30,S875,F3,8757700,,QUENCH,8/23/2023 11:25 AM,8/17/2023 11:48 AM,8/24/2023,,TRUE,TRUE,8/24/2023,8/24/2023,5,34,FALSE,FALSE,FALSE,RELINES,55836,5/1,Altitude Energy Partners - Consolidated Acct,FALSE,TRUE,0
129451,FALSE,PIS 684021,S700584HS4-RELINEPDCB,S700584HS4,S700,HS,7005844,,CURE,8/23/2023 11:30 AM,8/15/2023 11:38 AM,8/24/2023,,TRUE,TRUE,8/24/2023,8/24/2023,5,34,FALSE,FALSE,FALSE,RELINES,55809,4/2,Professional Directional Ltd. (TX),FALSE,TRUE,0
129673,FALSE,PIS 67074,S700769HS0-RELINEPDCB,S700769HS0,S700,HS,7007690,"
",WSHRINSE,8/23/2023 11:30 AM,8/21/2023 12:01 PM,8/31/2023,,TRUE,FALSE,8/31/2023,8/29/2023,3,35,FALSE,FALSE,FALSE,RELINES,55847,4/1,Professional Directional Ltd. (TX),FALSE,FALSE,0
127405,FALSE,L158114,S500770F30-PHCBIDUOTH,S500770F30,S500,F3,5007700,"
ST5251228-PTS",CORECL,8/23/2023 11:37 AM,6/29/2023 11:49 AM,8/24/2023,,TRUE,TRUE,8/24/2023,8/25/2023,6,34,FALSE,FALSE,FALSE,STATORS,55487,4/2,PV Fluid Products Ltd,FALSE,FALSE,0
129486,FALSE,ST5250973-PTS,S500688HS0-RELINEPHCBUO,S500688HS0,S500,HS,5006880,,BENCH,8/23/2023 11:42 AM,8/15/2023 2:44 PM,8/24/2023,,TRUE,TRUE,8/24/2023,8/24/2023,5,34,FALSE,FALSE,FALSE,RELINES,55811,3/1,Phoenix Technology Services USA Inc. (TX),FALSE,TRUE,0
129454,FALSE,ST6630067-PTS,S700584F32-RELINEPHCBID,S700584F32,S700,F3,7005842,,PAINT,8/23/2023 11:46 AM,8/15/2023 2:57 PM,8/24/2023,,TRUE,TRUE,8/24/2023,8/25/2023,6,34,FALSE,FALSE,FALSE,RELINES,55811,12/3,Phoenix Technology Services USA Inc. (TX),FALSE,FALSE,0
129555,FALSE,70S1599,S700843HS0-RELINEMPCB,S700843HS0,S700,HS,7008430,"
Stamp the following: RESTAMP 8943",CURE,8/23/2023 11:46 AM,8/17/2023 9:50 AM,8/24/2023,,TRUE,TRUE,8/24/2023,8/24/2023,5,34,FALSE,TRUE,FALSE,RELINES,55827,3/3,MPACT Downhole Motors,FALSE,TRUE,0
129431,FALSE,ST6630071-PTS,S700594HS0-RELINEPHCBID,S700594HS0,S700,HS,7005940,,QUENCH,8/23/2023 11:51 AM,8/15/2023 2:48 PM,8/24/2023,,TRUE,TRUE,8/24/2023,8/24/2023,5,34,FALSE,FALSE,FALSE,RELINES,55811,6/1,Phoenix Technology Services USA Inc. (TX),FALSE,TRUE,0
129458,FALSE,ST5500695-PTS,S500770HS2-RELINEPHCB,S500770HS2,S500,HS,5007702,,PAINT,8/23/2023 11:55 AM,8/15/2023 2:40 PM,8/24/2023,,TRUE,TRUE,8/24/2023,8/23/2023,4,34,FALSE,FALSE,FALSE,RELINES,55811,1/3,Phoenix Technology Services USA Inc. (TX),FALSE,TRUE,0
129549,FALSE,68S177,S700769HS0-RELINEMPCBOD,S700769HS0,S700,HS,7007690,,BENCH,8/23/2023 11:55 AM,8/17/2023 9:47 AM,8/24/2023,,TRUE,TRUE,8/24/2023,8/24/2023,5,34,FALSE,FALSE,FALSE,RELINES,55827,1/2,MPACT Downhole Motors,FALSE,TRUE,0
129465,FALSE,PIS 60104,S675757HS0-RELINEPD20,S675757HS0,S675,HS,6757570,,Shipping,8/23/2023 11:58 AM,8/15/2023 11:38 AM,8/24/2023,,TRUE,TRUE,8/24/2023,8/24/2023,5,34,FALSE,FALSE,FALSE,RELINES,55809,1/1,Professional Directional Ltd. (TX),TRUE,FALSE,0
129172,FALSE,ST6630038-PTS,S700769HS4-RELINEPHCBID,S700769HS4,S700,HS,7007694,"
REWORK  08/14
REWORK  08/21",WSHRINSE,8/23/2023 12:06 PM,8/8/2023 2:09 PM,8/30/2023,,TRUE,FALSE,8/30/2023,8/17/2023,5,33,TRUE,FALSE,FALSE,RELINES,55773,6/2,Phoenix Technology Services USA Inc. (TX),FALSE,TRUE,0
129172,FALSE,ST6630038-PTS,S700769HS4-RELINEPHCBID,S700769HS4,S700,HS,7007694,"
REWORK  08/14
REWORK  08/21",WSHRINSE,8/23/2023 12:06 PM,8/8/2023 2:09 PM,8/30/2023,,TRUE,FALSE,8/30/2023,8/17/2023,5,33,TRUE,FALSE,FALSE,RELINES,55773,6/2,Phoenix Technology Services USA Inc. (TX),FALSE,TRUE,0
129530,FALSE,7005684-193,S700584F30-RELINEKXCB,S700584F30,S700,F3,7005840,,PAINT,8/23/2023 12:10 PM,8/17/2023 9:15 AM,8/24/2023,,TRUE,TRUE,8/24/2023,8/24/2023,5,34,FALSE,FALSE,FALSE,RELINES,55820,1/1,"KLX Directional Drilling, LLC",FALSE,FALSE,0
129422,FALSE,ST9000066-PTS,S875840HS0-RELINEPHCBOU,S875840HS0,S875,HS,8758400,,QUENCH,8/23/2023 12:13 PM,8/15/2023 2:54 PM,8/24/2023,,TRUE,TRUE,8/24/2023,8/25/2023,6,34,FALSE,FALSE,FALSE,RELINES,55811,10/3,Phoenix Technology Services USA Inc. (TX),FALSE,FALSE,0
129562,FALSE,AEP-837013-S116,S875856F30-RELINEALCBOD,S875856F30,S875,F3,8758560,,CORECL,8/23/2023 12:28 PM,8/17/2023 11:46 AM,8/24/2023,,TRUE,TRUE,8/24/2023,8/24/2023,5,34,FALSE,FALSE,FALSE,RELINES,55836,2/1,Altitude Energy Partners - Consolidated Acct,FALSE,TRUE,0
127407,FALSE,L158116,S500770F30-PHCBIDUOTH,S500770F30,S500,F3,5007700,"
ST5251230-PTS",QUENCH,8/23/2023 12:30 PM,6/29/2023 11:49 AM,8/24/2023,,TRUE,TRUE,8/24/2023,8/25/2023,6,34,FALSE,FALSE,FALSE,STATORS,55487,4/4,PV Fluid Products Ltd,FALSE,FALSE,0
129094,FALSE,L158241,S700584HS0-ERCBUO,S700584HS0,S700,HS,7005840,"
EOGPS7110158412
**Use sk21345 or sk21251***",CURE,8/23/2023 12:37 PM,4/25/2023 3:20 PM,8/24/2023,,TRUE,TRUE,8/24/2023,9/8/2023,6,36,FALSE,FALSE,FALSE,STATORS,53493,15/2,EOG Resources Inc.,FALSE,FALSE,0
129539,FALSE,70S1610,S700769HS0-RELINEMPCB,S700769HS0,S700,HS,7007690,,Shipping,8/23/2023 12:37 PM,8/17/2023 9:49 AM,8/24/2023,,TRUE,TRUE,8/24/2023,8/24/2023,5,34,FALSE,TRUE,FALSE,RELINES,55827,2/1,MPACT Downhole Motors,TRUE,FALSE,0
128906,FALSE,L158227,S962860F30,S962860F30,S962,F3,9628600,"
AEP-962010-S032",Shipping,8/23/2023 12:40 PM,7/10/2023 3:08 PM,8/24/2023,,TRUE,TRUE,8/24/2023,8/24/2023,5,34,FALSE,FALSE,FALSE,STATORS,55569,2/10,Altitude Energy Partners - Consolidated Acct,TRUE,FALSE,0
129358,FALSE,PIS 6317,S700768HS0-RELINEPD20,S700768HS0,S700,HS,7007680,,PAINT,8/23/2023 12:40 PM,8/14/2023 12:18 PM,8/24/2023,,TRUE,TRUE,8/24/2023,8/24/2023,5,34,FALSE,FALSE,FALSE,RELINES,55803,8/1,Professional Directional Ltd. (TX),FALSE,FALSE,0
129485,FALSE,EOGS5068837,S500688HS0-RELINEPHCBML,S500688HS0,S500,HS,5006880,,PAINT,8/23/2023 12:45 PM,8/15/2023 12:37 PM,8/24/2023,,TRUE,TRUE,8/24/2023,8/25/2023,6,34,FALSE,FALSE,FALSE,RELINES,55810,2/2,EOG Resources Inc.,FALSE,FALSE,0
129427,FALSE,ST7250235-PTS,S725860HS4-RELINEPHCB,S725860HS4,S725,HS,7258604,,BENCH,8/23/2023 12:45 PM,8/15/2023 2:53 PM,8/24/2023,,TRUE,TRUE,8/24/2023,8/25/2023,6,34,FALSE,FALSE,FALSE,RELINES,55811,9/2,Phoenix Technology Services USA Inc. (TX),FALSE,FALSE,0
129590,FALSE,AEP-56788-S275,S500688F30-RELINE,S500688F30,S500,F3,5006880,,CORECL,8/23/2023 12:46 PM,8/17/2023 11:45 AM,8/24/2023,,TRUE,TRUE,8/24/2023,8/24/2023,5,34,FALSE,FALSE,FALSE,RELINES,55836,1/1,Altitude Energy Partners - Consolidated Acct,FALSE,TRUE,0
129609,FALSE,AEP-7258943-S234,S700843F30-RELINEALCBOU,S700843F30,S700,F3,7008430,,CURE,8/23/2023 12:46 PM,8/18/2023 2:29 PM,8/25/2023,,TRUE,TRUE,8/25/2023,8/25/2023,6,34,FALSE,FALSE,FALSE,RELINES,55843,1/1,Altitude Energy Partners - Consolidated Acct,FALSE,FALSE,0
129353,FALSE,70S1553,S700594HS0-RELINEMPCB,S700594HS0,S700,HS,7005940,,CORECL,8/23/2023 12:54 PM,8/14/2023 2:55 PM,8/24/2023,,TRUE,TRUE,8/24/2023,8/24/2023,5,34,FALSE,TRUE,FALSE,RELINES,55804,7/3,MPACT Downhole Motors,FALSE,TRUE,0
129393,FALSE,ST5001297-PTS,S500688F3T-RELINEPHCB,S500688F3T,S500,F3,500688T,"
STRAIGHTENING  08/16",BENCH,8/23/2023 12:57 PM,8/14/2023 11:52 AM,8/25/2023,,TRUE,TRUE,8/25/2023,8/29/2023,3,35,TRUE,FALSE,FALSE,RELINES,55802,2/3,PV Fluid Products Ltd,FALSE,FALSE,0
129503,FALSE,L158188,S500688F3T-PHCB,S500688F3T,S500,F3,500688T,"
ST5001252-PTS",QCS-1,8/23/2023 12:57 PM,8/15/2023 3:23 PM,8/29/2023,,TRUE,TRUE,8/29/2023,8/29/2023,3,35,FALSE,FALSE,FALSE,STATORS,55703,8/1,PV Fluid Products Ltd,FALSE,FALSE,0
129614,FALSE,PMS 67105,S700769HS0-RELINEPDCB,S700769HS0,S700,HS,7007690,"
",Bartels Rack,8/24/2023 4:07 AM,8/18/2023 11:21 AM,8/30/2023,8/24/2023 4:07 PM,TRUE,FALSE,8/30/2023,8/28/2023,2,35,FALSE,FALSE,FALSE,RELINES,55841,3/2,Professional Directional Ltd. (TX),FALSE,FALSE,-1
